repo,pr_number,dependency,old_version,new_version,ecosystem,before_sha,after_sha,before_result,after_result,classification,failure_point,reproduced,confidence,reproduction_attempts,network_policy,log_paths,notes,created_at,title,created_at,source_dataset
glovguy/flask-chat-bots,249,werkzeug,0.12.2,0.15.5,pip,2383e9d63fc53882589b8898d58ea9a0c9e6a80d,ddaa03e12b018bf625fa22b99dba36c7b1017c8e,UNRUNNABLE,UNRUNNABLE,UNRUNNABLE,,0,medium,1,,[],,2026-07-23 18:02:29,[Security] Bump werkzeug from 0.12.2 to 0.15.5,2019-07-18 22:56:00,partition1_xlsx
glovguy/flask-chat-bots,257,python-engineio,1.5.2,3.9.0,pip,2383e9d63fc53882589b8898d58ea9a0c9e6a80d,d9e6ace7f6705337aa98e50e9c4145fa0c0f8346,UNRUNNABLE,UNRUNNABLE,UNRUNNABLE,,0,medium,1,,[],,2026-07-23 18:02:32,[Security] Bump python-engineio from 1.5.2 to 3.9.0,2019-07-30 10:15:00,partition1_xlsx
glovguy/flask-chat-bots,215,flask,0.12.2,0.12.3,pip,2383e9d63fc53882589b8898d58ea9a0c9e6a80d,3341cd05ddf2aa50ca2164f30c1024bfdf84dd93,INSTALL,INSTALL,FAIL->FAIL,,0,medium,1,,"[""C:\\depbot-work\\execution_logs\\glovguy__flask-chat-bots__pr215\\glovguy__flask-chat-bots__pr215__BEFORE__INSTALL__att1.stdout.txt"", ""C:\\depbot-work\\execution_logs\\glovguy__flask-chat-bots__pr215\\glovguy__flask-chat-bots__pr215__BEFORE__INSTALL__att1.stderr.txt"", ""C:\\depbot-work\\execution_logs\\glovguy__flask-chat-bots__pr215\\glovguy__flask-chat-bots__pr215__AFTER__INSTALL__att1.stdout.txt"", ""C:\\depbot-work\\execution_logs\\glovguy__flask-chat-bots__pr215\\glovguy__flask-chat-bots__pr215__AFTER__INSTALL__att1.stderr.txt""]",,2026-07-23 18:06:28,[Security] Bump flask from 0.12.2 to 0.12.3,2019-05-20 10:12:29,partition1_xlsx
raihan-uddin/Django-Web-Board-Project,23,django,1.11.0,1.11.20,pip,a1cd060b3d250c550395c2391c8f856c2f72cf07,25d708d30f38817581fd796124c868014f8b6658,INSTALL,INSTALL,FAIL->FAIL,,0,medium,1,,"[""C:\\depbot-work\\execution_logs\\raihan-uddin__Django-Web-Board-Project__pr23\\raihan-uddin__Django-Web-Board-Project__pr23__BEFORE__INSTALL__att1.stdout.txt"", ""C:\\depbot-work\\execution_logs\\raihan-uddin__Django-Web-Board-Project__pr23\\raihan-uddin__Django-Web-Board-Project__pr23__BEFORE__INSTALL__att1.stderr.txt"", ""C:\\depbot-work\\execution_logs\\raihan-uddin__Django-Web-Board-Project__pr23\\raihan-uddin__Django-Web-Board-Project__pr23__AFTER__INSTALL__att1.stdout.txt"", ""C:\\depbot-work\\execution_logs\\raihan-uddin__Django-Web-Board-Project__pr23\\raihan-uddin__Django-Web-Board-Project__pr23__AFTER__INSTALL__att1.stderr.txt""]",,2026-07-24 01:57:47,[Security] Bump django from 1.11.0 to 1.11.20,2019-05-01 23:12:19,partition1_xlsx
raihan-uddin/Django-Web-Board-Project,25,django,1.11.0,1.11.21,pip,a1cd060b3d250c550395c2391c8f856c2f72cf07,d448f6af4d34a3eab24965aed446ed7f7f1147ed,INSTALL,INSTALL,FAIL->FAIL,,0,medium,1,,"[""C:\\depbot-work\\execution_logs\\raihan-uddin__Django-Web-Board-Project__pr25\\raihan-uddin__Django-Web-Board-Project__pr25__BEFORE__INSTALL__att1.stdout.txt"", ""C:\\depbot-work\\execution_logs\\raihan-uddin__Django-Web-Board-Project__pr25\\raihan-uddin__Django-Web-Board-Project__pr25__BEFORE__INSTALL__att1.stderr.txt"", ""C:\\depbot-work\\execution_logs\\raihan-uddin__Django-Web-Board-Project__pr25\\raihan-uddin__Django-Web-Board-Project__pr25__AFTER__INSTALL__att1.stdout.txt"", ""C:\\depbot-work\\execution_logs\\raihan-uddin__Django-Web-Board-Project__pr25\\raihan-uddin__Django-Web-Board-Project__pr25__AFTER__INSTALL__att1.stderr.txt""]",,2026-07-24 01:58:19,[Security] Bump django from 1.11.0 to 1.11.21,2019-06-10 23:12:00,partition1_xlsx
Contrast-Security-OSS/DjanGoat,71,django,1.11.1,1.11.20,pip,686f09dcd8f7e70acf9edefaae81448f8175caad,8db1a2e18e88f4d77a01cb171b5198ffb23a1d2f,INSTALL,INSTALL,FAIL->FAIL,,0,medium,1,,"[""C:\\depbot-work\\execution_logs\\Contrast-Security-OSS__DjanGoat__pr71\\Contrast-Security-OSS__DjanGoat__pr71__BEFORE__INSTALL__att1.stdout.txt"", ""C:\\depbot-work\\execution_logs\\Contrast-Security-OSS__DjanGoat__pr71\\Contrast-Security-OSS__DjanGoat__pr71__BEFORE__INSTALL__att1.stderr.txt"", ""C:\\depbot-work\\execution_logs\\Contrast-Security-OSS__DjanGoat__pr71\\Contrast-Security-OSS__DjanGoat__pr71__AFTER__INSTALL__att1.stdout.txt"", ""C:\\depbot-work\\execution_logs\\Contrast-Security-OSS__DjanGoat__pr71\\Contrast-Security-OSS__DjanGoat__pr71__AFTER__INSTALL__att1.stderr.txt""]",,2026-07-24 01:59:37,[Security] Bump django from 1.11.1 to 1.11.20,2019-05-01 13:24:33,partition1_xlsx
Contrast-Security-OSS/DjanGoat,79,django,1.11.1,1.11.21,pip,c8bd31bbb6bf87ca33aca5a5a4169b67c353626d,fc2fffa6418f7ece0ad453c14cc3852e2b28d7e4,INSTALL,INSTALL,FAIL->FAIL,,0,medium,1,,"[""C:\\depbot-work\\execution_logs\\Contrast-Security-OSS__DjanGoat__pr79\\Contrast-Security-OSS__DjanGoat__pr79__BEFORE__INSTALL__att1.stdout.txt"", ""C:\\depbot-work\\execution_logs\\Contrast-Security-OSS__DjanGoat__pr79\\Contrast-Security-OSS__DjanGoat__pr79__BEFORE__INSTALL__att1.stderr.txt"", ""C:\\depbot-work\\execution_logs\\Contrast-Security-OSS__DjanGoat__pr79\\Contrast-Security-OSS__DjanGoat__pr79__AFTER__INSTALL__att1.stdout.txt"", ""C:\\depbot-work\\execution_logs\\Contrast-Security-OSS__DjanGoat__pr79\\Contrast-Security-OSS__DjanGoat__pr79__AFTER__INSTALL__att1.stderr.txt""]",,2026-07-24 02:00:52,[Security] Bump django from 1.11.1 to 1.11.21,2019-07-01 15:43:00,partition1_xlsx
seanwiseman/django-easy-auth,21,django,2.0.1,2.0.12,pip,3d15a948da1c08ff9cec98d00f219d124a014cf4,17c3e7c984e7561a00d4418d210beb56146a1aab,TEST,TEST,FAIL->FAIL,,0,medium,1,,"[""C:\\depbot-work\\execution_logs\\seanwiseman__django-easy-auth__pr21\\seanwiseman__django-easy-auth__pr21__BEFORE__INSTALL__att1.stdout.txt"", ""C:\\depbot-work\\execution_logs\\seanwiseman__django-easy-auth__pr21\\seanwiseman__django-easy-auth__pr21__BEFORE__TEST__att1.stdout.txt"", ""C:\\depbot-work\\execution_logs\\seanwiseman__django-easy-auth__pr21\\seanwiseman__django-easy-auth__pr21__BEFORE__INSTALL__att1.stderr.txt"", ""C:\\depbot-work\\execution_logs\\seanwiseman__django-easy-auth__pr21\\seanwiseman__django-easy-auth__pr21__BEFORE__TEST__att1.stderr.txt"", ""C:\\depbot-work\\execution_logs\\seanwiseman__django-easy-auth__pr21\\seanwiseman__django-easy-auth__pr21__AFTER__INSTALL__att1.stdout.txt"", ""C:\\depbot-work\\execution_logs\\seanwiseman__django-easy-auth__pr21\\seanwiseman__django-easy-auth__pr21__AFTER__TEST__att1.stdout.txt"", ""C:\\depbot-work\\execution_logs\\seanwiseman__django-easy-auth__pr21\\seanwiseman__django-easy-auth__pr21__AFTER__INSTALL__att1.stderr.txt"", ""C:\\depbot-work\\execution_logs\\seanwiseman__django-easy-auth__pr21\\seanwiseman__django-easy-auth__pr21__AFTER__TEST__att1.stderr.txt""]",,2026-07-24 02:02:55,[Security] Bump django from 2.0.1 to 2.0.12,2019-05-02 05:14:45,partition1_xlsx
Squalex/life,58,django,2.0.1,2.0.12,pip,09101c90dde5e0d8a32e5d1a4639b35094730259,343cbe52b5f2040069393ac6b57d514698802d70,INSTALL,INSTALL,FAIL->FAIL,,0,medium,1,,"[""C:\\depbot-work\\execution_logs\\Squalex__life__pr58\\Squalex__life__pr58__BEFORE__INSTALL__att1.stdout.txt"", ""C:\\depbot-work\\execution_logs\\Squalex__life__pr58\\Squalex__life__pr58__BEFORE__INSTALL__att1.stderr.txt"", ""C:\\depbot-work\\execution_logs\\Squalex__life__pr58\\Squalex__life__pr58__AFTER__INSTALL__att1.stdout.txt"", ""C:\\depbot-work\\execution_logs\\Squalex__life__pr58\\Squalex__life__pr58__AFTER__INSTALL__att1.stderr.txt""]",,2026-07-24 02:03:37,[Security] Bump django from 2.0.1 to 2.0.12,2019-05-02 05:15:56,partition1_xlsx
Rotendahl/DormitoryLife,49,django,2.1.2,2.1.5,pip,a3bb0b947529864e4aa59c2c24c554c3edb7753b,d3a9c1242c49652ae7508f2f152168b58501c1ac,INSTALL,INSTALL,FAIL->FAIL,,0,medium,1,,"[""C:\\depbot-work\\execution_logs\\Rotendahl__DormitoryLife__pr49\\Rotendahl__DormitoryLife__pr49__BEFORE__INSTALL__att1.stdout.txt"", ""C:\\depbot-work\\execution_logs\\Rotendahl__DormitoryLife__pr49\\Rotendahl__DormitoryLife__pr49__BEFORE__INSTALL__att1.stderr.txt"", ""C:\\depbot-work\\execution_logs\\Rotendahl__DormitoryLife__pr49\\Rotendahl__DormitoryLife__pr49__AFTER__INSTALL__att1.stdout.txt"", ""C:\\depbot-work\\execution_logs\\Rotendahl__DormitoryLife__pr49\\Rotendahl__DormitoryLife__pr49__AFTER__INSTALL__att1.stderr.txt""]",,2026-07-24 02:04:42,[Security] Bump django from 2.1.2 to 2.1.5,2019-01-14 16:22:37,partition1_xlsx
Rotendahl/DormitoryLife,118,django,2.2.2,2.2.4,pip,41058b73060610852e5820044552588af7d9f3ec,b22278d57edabfb2879509e9064beace7a96a9bf,TEST,TEST,FAIL->FAIL,,0,medium,1,,"[""C:\\depbot-work\\execution_logs\\Rotendahl__DormitoryLife__pr118\\Rotendahl__DormitoryLife__pr118__BEFORE__INSTALL__att1.stdout.txt"", ""C:\\depbot-work\\execution_logs\\Rotendahl__DormitoryLife__pr118\\Rotendahl__DormitoryLife__pr118__BEFORE__TEST__att1.stdout.txt"", ""C:\\depbot-work\\execution_logs\\Rotendahl__DormitoryLife__pr118\\Rotendahl__DormitoryLife__pr118__BEFORE__INSTALL__att1.stderr.txt"", ""C:\\depbot-work\\execution_logs\\Rotendahl__DormitoryLife__pr118\\Rotendahl__DormitoryLife__pr118__BEFORE__TEST__att1.stderr.txt"", ""C:\\depbot-work\\execution_logs\\Rotendahl__DormitoryLife__pr118\\Rotendahl__DormitoryLife__pr118__AFTER__INSTALL__att1.stdout.txt"", ""C:\\depbot-work\\execution_logs\\Rotendahl__DormitoryLife__pr118\\Rotendahl__DormitoryLife__pr118__AFTER__TEST__att1.stdout.txt"", ""C:\\depbot-work\\execution_logs\\Rotendahl__DormitoryLife__pr118\\Rotendahl__DormitoryLife__pr118__AFTER__INSTALL__att1.stderr.txt"", ""C:\\depbot-work\\execution_logs\\Rotendahl__DormitoryLife__pr118\\Rotendahl__DormitoryLife__pr118__AFTER__TEST__att1.stderr.txt""]",,2026-07-24 02:11:19,[Security] Bump django from 2.2.2 to 2.2.4,2019-08-06 01:50:00,partition1_xlsx
katiayn/pyconbalkan,35,django,1.11.11,1.11.20,pip,9749011db63078210f0bbfde0b42267749483bd9,f41ea5d5260fb567a9dd5c58a160556d67b40f13,INSTALL,INSTALL,FAIL->FAIL,,0,medium,1,,"[""C:\\depbot-work\\execution_logs\\katiayn__pyconbalkan__pr35\\katiayn__pyconbalkan__pr35__BEFORE__INSTALL__att1.stdout.txt"", ""C:\\depbot-work\\execution_logs\\katiayn__pyconbalkan__pr35\\katiayn__pyconbalkan__pr35__BEFORE__INSTALL__att1.stderr.txt"", ""C:\\depbot-work\\execution_logs\\katiayn__pyconbalkan__pr35\\katiayn__pyconbalkan__pr35__AFTER__INSTALL__att1.stdout.txt"", ""C:\\depbot-work\\execution_logs\\katiayn__pyconbalkan__pr35\\katiayn__pyconbalkan__pr35__AFTER__INSTALL__att1.stderr.txt""]",,2026-07-24 02:14:11,build(deps): [security] bump django from 1.11.11 to 1.11.20,2019-05-06 04:51:13,partition1_xlsx
katiayn/pyconbalkan,39,django,1.11.11,1.11.21,pip,9749011db63078210f0bbfde0b42267749483bd9,a91dd523ed47f681eb4c4e08b95c1f498e361d4f,INSTALL,INSTALL,FAIL->FAIL,,0,medium,1,,"[""C:\\depbot-work\\execution_logs\\katiayn__pyconbalkan__pr39\\katiayn__pyconbalkan__pr39__BEFORE__INSTALL__att1.stdout.txt"", ""C:\\depbot-work\\execution_logs\\katiayn__pyconbalkan__pr39\\katiayn__pyconbalkan__pr39__BEFORE__INSTALL__att1.stderr.txt"", ""C:\\depbot-work\\execution_logs\\katiayn__pyconbalkan__pr39\\katiayn__pyconbalkan__pr39__AFTER__INSTALL__att1.stdout.txt"", ""C:\\depbot-work\\execution_logs\\katiayn__pyconbalkan__pr39\\katiayn__pyconbalkan__pr39__AFTER__INSTALL__att1.stderr.txt""]",,2026-07-24 02:16:38,build(deps): [security] bump django from 1.11.11 to 1.11.21,2019-06-17 06:43:00,partition1_xlsx
mattstibbs/blockbuster-server,234,cryptography,2.2.2,2.3.1,pip,c387746666e33d76e5536a46b0f2fb4e8c62602c,4e2daaeece7938fe24be577ee894f61a6136090c,INSTALL,INSTALL,FAIL->FAIL,,0,medium,1,,"[""C:\\depbot-work\\execution_logs\\mattstibbs__blockbuster-server__pr234\\mattstibbs__blockbuster-server__pr234__BEFORE__INSTALL__att1.stdout.txt"", ""C:\\depbot-work\\execution_logs\\mattstibbs__blockbuster-server__pr234\\mattstibbs__blockbuster-server__pr234__BEFORE__INSTALL__att1.stderr.txt"", ""C:\\depbot-work\\execution_logs\\mattstibbs__blockbuster-server__pr234\\mattstibbs__blockbuster-server__pr234__AFTER__INSTALL__att1.stdout.txt"", ""C:\\depbot-work\\execution_logs\\mattstibbs__blockbuster-server__pr234\\mattstibbs__blockbuster-server__pr234__AFTER__INSTALL__att1.stderr.txt""]",,2026-07-24 02:17:23,[Security] Bump cryptography from 2.2.2 to 2.3.1,2018-10-10 05:15:06,partition1_xlsx
mattstibbs/blockbuster-server,306,werkzeug,0.14.1,0.15.3,pip,6a37b8aba7543c707a4a24f51a5d759f06615b84,863369caca5c9219f2d5888aa2c7ed02fc269f38,INSTALL,INSTALL,FAIL->FAIL,,0,medium,1,,"[""C:\\depbot-work\\execution_logs\\mattstibbs__blockbuster-server__pr306\\mattstibbs__blockbuster-server__pr306__BEFORE__INSTALL__att1.stdout.txt"", ""C:\\depbot-work\\execution_logs\\mattstibbs__blockbuster-server__pr306\\mattstibbs__blockbuster-server__pr306__BEFORE__INSTALL__att1.stderr.txt"", ""C:\\depbot-work\\execution_logs\\mattstibbs__blockbuster-server__pr306\\mattstibbs__blockbuster-server__pr306__AFTER__INSTALL__att1.stdout.txt"", ""C:\\depbot-work\\execution_logs\\mattstibbs__blockbuster-server__pr306\\mattstibbs__blockbuster-server__pr306__AFTER__INSTALL__att1.stderr.txt""]",,2026-07-24 02:17:58,[Security] Bump werkzeug from 0.14.1 to 0.15.3,2019-08-21 16:21:00,partition1_xlsx
flxwu/contest.io,296,jinja2,2.10,2.10.1,pip,efe787876f3b155efc97d4092db1b727a94251e0,a4bc77e5d624344eb9429aa2445dca3eb4722704,INSTALL,INSTALL,FAIL->FAIL,,0,medium,1,,"[""C:\\depbot-work\\execution_logs\\flxwu__contest.io__pr296\\flxwu__contest.io__pr296__BEFORE__INSTALL__att1.stdout.txt"", ""C:\\depbot-work\\execution_logs\\flxwu__contest.io__pr296\\flxwu__contest.io__pr296__BEFORE__INSTALL__att1.stderr.txt"", ""C:\\depbot-work\\execution_logs\\flxwu__contest.io__pr296\\flxwu__contest.io__pr296__AFTER__INSTALL__att1.stdout.txt"", ""C:\\depbot-work\\execution_logs\\flxwu__contest.io__pr296\\flxwu__contest.io__pr296__AFTER__INSTALL__att1.stderr.txt""]",,2026-07-24 02:19:20,[Security] Bump jinja2 from 2.10 to 2.10.1,2019-04-12 18:27:38,partition1_xlsx
BMeu/Orchard,245,werkzeug,0.14.1,0.15.3,pip,2ab0eaf1ca2bfe695f4f11b8610d9738c26ba9f6,9ace2f9a89a7e6953e5df956c55ae82c5ff7a030,INSTALL,INSTALL,FAIL->FAIL,,0,medium,1,,"[""C:\\depbot-work\\execution_logs\\BMeu__Orchard__pr245\\BMeu__Orchard__pr245__BEFORE__INSTALL__att1.stdout.txt"", ""C:\\depbot-work\\execution_logs\\BMeu__Orchard__pr245\\BMeu__Orchard__pr245__BEFORE__INSTALL__att1.stderr.txt"", ""C:\\depbot-work\\execution_logs\\BMeu__Orchard__pr245\\BMeu__Orchard__pr245__AFTER__INSTALL__att1.stdout.txt"", ""C:\\depbot-work\\execution_logs\\BMeu__Orchard__pr245\\BMeu__Orchard__pr245__AFTER__INSTALL__att1.stderr.txt""]",,2026-07-24 02:20:26,[Security] Bump werkzeug from 0.14.1 to 0.15.3,2019-08-21 16:35:00,partition1_xlsx
sandhose/obs-matcher,30,cryptography,2.2.2,2.3.1,pip,aba1024a8960659cead882826851bd60c2e741a1,5776f2dcb6a4900617cbf7d6c5ca9e6719242ea4,INSTALL,INSTALL,FAIL->FAIL,,0,medium,1,,"[""C:\\depbot-work\\execution_logs\\sandhose__obs-matcher__pr30\\sandhose__obs-matcher__pr30__BEFORE__INSTALL__att1.stdout.txt"", ""C:\\depbot-work\\execution_logs\\sandhose__obs-matcher__pr30\\sandhose__obs-matcher__pr30__BEFORE__INSTALL__att1.stderr.txt"", ""C:\\depbot-work\\execution_logs\\sandhose__obs-matcher__pr30\\sandhose__obs-matcher__pr30__AFTER__INSTALL__att1.stdout.txt"", ""C:\\depbot-work\\execution_logs\\sandhose__obs-matcher__pr30\\sandhose__obs-matcher__pr30__AFTER__INSTALL__att1.stderr.txt""]",,2026-07-24 02:21:00,[Security] Bump cryptography from 2.2.2 to 2.3.1,2018-08-24 14:12:43,partition1_xlsx
GirlDevelopItCentralVA/smiles,1,django,2.0.4,2.1.2,pip,e14ad4a2cd3761396c9548b8ea73b07dfde91b23,957ba2f9605ca06107a70619e28d41e90cf04c32,TEST,TEST,FAIL->FAIL,,0,medium,1,,"[""C:\\depbot-work\\execution_logs\\GirlDevelopItCentralVA__smiles__pr1\\GirlDevelopItCentralVA__smiles__pr1__BEFORE__INSTALL__att1.stdout.txt"", ""C:\\depbot-work\\execution_logs\\GirlDevelopItCentralVA__smiles__pr1\\GirlDevelopItCentralVA__smiles__pr1__BEFORE__TEST__att1.stdout.txt"", ""C:\\depbot-work\\execution_logs\\GirlDevelopItCentralVA__smiles__pr1\\GirlDevelopItCentralVA__smiles__pr1__BEFORE__INSTALL__att1.stderr.txt"", ""C:\\depbot-work\\execution_logs\\GirlDevelopItCentralVA__smiles__pr1\\GirlDevelopItCentralVA__smiles__pr1__BEFORE__TEST__att1.stderr.txt"", ""C:\\depbot-work\\execution_logs\\GirlDevelopItCentralVA__smiles__pr1\\GirlDevelopItCentralVA__smiles__pr1__AFTER__INSTALL__att1.stdout.txt"", ""C:\\depbot-work\\execution_logs\\GirlDevelopItCentralVA__smiles__pr1\\GirlDevelopItCentralVA__smiles__pr1__AFTER__TEST__att1.stdout.txt"", ""C:\\depbot-work\\execution_logs\\GirlDevelopItCentralVA__smiles__pr1\\GirlDevelopItCentralVA__smiles__pr1__AFTER__INSTALL__att1.stderr.txt"", ""C:\\depbot-work\\execution_logs\\GirlDevelopItCentralVA__smiles__pr1\\GirlDevelopItCentralVA__smiles__pr1__AFTER__TEST__att1.stderr.txt""]",,2026-07-24 02:23:52,[Security] Bump django from 2.0.4 to 2.1.2,2018-10-08 22:40:00,partition1_xlsx
flxwu/contest.io,354,werkzeug,0.14.1,0.15.3,pip,efe787876f3b155efc97d4092db1b727a94251e0,44fcfa5973b82e9bd6718bd41705e72ad1eab7ae,INSTALL,INSTALL,FAIL->FAIL,,0,medium,1,,"[""C:\\depbot-work\\execution_logs\\flxwu__contest.io__pr354\\flxwu__contest.io__pr354__BEFORE__INSTALL__att1.stdout.txt"", ""C:\\depbot-work\\execution_logs\\flxwu__contest.io__pr354\\flxwu__contest.io__pr354__BEFORE__INSTALL__att1.stderr.txt"", ""C:\\depbot-work\\execution_logs\\flxwu__contest.io__pr354\\flxwu__contest.io__pr354__AFTER__INSTALL__att1.stdout.txt"", ""C:\\depbot-work\\execution_logs\\flxwu__contest.io__pr354\\flxwu__contest.io__pr354__AFTER__INSTALL__att1.stderr.txt""]",,2026-07-24 02:25:12,build(deps): [security] bump werkzeug from 0.14.1 to 0.15.3,2019-08-21 16:30:00,partition1_xlsx
ken-matsui/gcf-seq2seq-linebot,5,flask,0.12.2,1.0.2,pip,c974109fe69062c79558e917726878a0e63b2688,f7e1832c6895ca4d99362023d0845b7e53cbcbb3,INSTALL,INSTALL,FAIL->FAIL,,0,medium,1,,"[""C:\\depbot-work\\execution_logs\\ken-matsui__gcf-seq2seq-linebot__pr5\\ken-matsui__gcf-seq2seq-linebot__pr5__BEFORE__INSTALL__att1.stdout.txt"", ""C:\\depbot-work\\execution_logs\\ken-matsui__gcf-seq2seq-linebot__pr5\\ken-matsui__gcf-seq2seq-linebot__pr5__BEFORE__INSTALL__att1.stderr.txt"", ""C:\\depbot-work\\execution_logs\\ken-matsui__gcf-seq2seq-linebot__pr5\\ken-matsui__gcf-seq2seq-linebot__pr5__AFTER__INSTALL__att1.stdout.txt"", ""C:\\depbot-work\\execution_logs\\ken-matsui__gcf-seq2seq-linebot__pr5\\ken-matsui__gcf-seq2seq-linebot__pr5__AFTER__INSTALL__att1.stderr.txt""]",,2026-07-24 02:27:46,[Security] Bump flask from 0.12.2 to 1.0.2,2018-09-04 06:54:02,partition1_xlsx
lazycoderio/Security-Testing-Selenium-Jenkins,41,django,1.11.7,2.1.1,pip,7154ba91304fbed835b16f123f1c65100b2875e9,ac83eca7ef1b5679956251de4da61db20f0eff5f,INSTALL,INSTALL,FAIL->FAIL,,0,medium,1,,"[""C:\\depbot-work\\execution_logs\\lazycoderio__Security-Testing-Selenium-Jenkins__pr41\\lazycoderio__Security-Testing-Selenium-Jenkins__pr41__BEFORE__INSTALL__att1.stdout.txt"", ""C:\\depbot-work\\execution_logs\\lazycoderio__Security-Testing-Selenium-Jenkins__pr41\\lazycoderio__Security-Testing-Selenium-Jenkins__pr41__BEFORE__INSTALL__att1.stderr.txt"", ""C:\\depbot-work\\execution_logs\\lazycoderio__Security-Testing-Selenium-Jenkins__pr41\\lazycoderio__Security-Testing-Selenium-Jenkins__pr41__AFTER__INSTALL__att1.stdout.txt"", ""C:\\depbot-work\\execution_logs\\lazycoderio__Security-Testing-Selenium-Jenkins__pr41\\lazycoderio__Security-Testing-Selenium-Jenkins__pr41__AFTER__INSTALL__att1.stderr.txt""]",,2026-07-24 02:29:32,[Security] Bump django from 1.11.7 to 2.1.1,2018-08-31 10:13:36,partition1_xlsx
mwarkentin/stats.shrinkray.io,45,flask,0.10.1,1.0,pip,278e3dcaaa199ce7b23fa57dbd88806b4fab487f,e56429ef071775e56017ad11c17f3f50db742c28,INSTALL,INSTALL,FAIL->FAIL,,0,medium,1,,"[""C:\\depbot-work\\execution_logs\\mwarkentin__stats.shrinkray.io__pr45\\mwarkentin__stats.shrinkray.io__pr45__BEFORE__INSTALL__att1.stdout.txt"", ""C:\\depbot-work\\execution_logs\\mwarkentin__stats.shrinkray.io__pr45\\mwarkentin__stats.shrinkray.io__pr45__BEFORE__INSTALL__att1.stderr.txt"", ""C:\\depbot-work\\execution_logs\\mwarkentin__stats.shrinkray.io__pr45\\mwarkentin__stats.shrinkray.io__pr45__AFTER__INSTALL__att1.stdout.txt"", ""C:\\depbot-work\\execution_logs\\mwarkentin__stats.shrinkray.io__pr45\\mwarkentin__stats.shrinkray.io__pr45__AFTER__INSTALL__att1.stderr.txt""]",,2026-07-24 02:29:59,[Security] Bump flask from 0.10.1 to 1.0,2019-07-22 11:15:00,partition1_xlsx
mattstibbs/blockbuster-server,268,jinja2,2.10,2.10.1,pip,6a37b8aba7543c707a4a24f51a5d759f06615b84,b3af705e4fb03eb75fa7e54e40df288219d5ce56,INSTALL,INSTALL,FAIL->FAIL,,0,medium,1,,"[""C:\\depbot-work\\execution_logs\\mattstibbs__blockbuster-server__pr268\\mattstibbs__blockbuster-server__pr268__BEFORE__INSTALL__att1.stdout.txt"", ""C:\\depbot-work\\execution_logs\\mattstibbs__blockbuster-server__pr268\\mattstibbs__blockbuster-server__pr268__BEFORE__INSTALL__att1.stderr.txt"", ""C:\\depbot-work\\execution_logs\\mattstibbs__blockbuster-server__pr268\\mattstibbs__blockbuster-server__pr268__AFTER__INSTALL__att1.stdout.txt"", ""C:\\depbot-work\\execution_logs\\mattstibbs__blockbuster-server__pr268\\mattstibbs__blockbuster-server__pr268__AFTER__INSTALL__att1.stderr.txt""]",,2026-07-24 17:30:59,[Security] Bump jinja2 from 2.10 to 2.10.1,2019-04-12 18:28:29,partition1_xlsx
moneypark/whydjango,271,django,1.11.11,1.11.16,pip,f33a430d0a746d237e1e3d97917c979f29bb2a44,682f5b436c454315b876a3d28a007c5176d306fa,INSTALL,INSTALL,FAIL->FAIL,,0,medium,1,,"[""C:\\depbot-work\\execution_logs\\moneypark__whydjango__pr271\\moneypark__whydjango__pr271__BEFORE__INSTALL__att1.stdout.txt"", ""C:\\depbot-work\\execution_logs\\moneypark__whydjango__pr271\\moneypark__whydjango__pr271__BEFORE__INSTALL__att1.stderr.txt"", ""C:\\depbot-work\\execution_logs\\moneypark__whydjango__pr271\\moneypark__whydjango__pr271__AFTER__INSTALL__att1.stdout.txt"", ""C:\\depbot-work\\execution_logs\\moneypark__whydjango__pr271\\moneypark__whydjango__pr271__AFTER__INSTALL__att1.stderr.txt""]",,2026-07-24 17:31:24,[Security] Bump django from 1.11.11 to 1.11.16,2018-10-08 02:13:53,partition1_xlsx
BMeu/Orchard,192,jinja2,2.10,2.10.1,pip,49cd7d660d41c9ed66782d065ba715f9304da42c,3188dc8926d9a51ef1947eff7a520499ae971e46,INSTALL,INSTALL,FAIL->FAIL,,0,medium,1,,"[""C:\\depbot-work\\execution_logs\\BMeu__Orchard__pr192\\BMeu__Orchard__pr192__BEFORE__INSTALL__att1.stdout.txt"", ""C:\\depbot-work\\execution_logs\\BMeu__Orchard__pr192\\BMeu__Orchard__pr192__BEFORE__INSTALL__att1.stderr.txt"", ""C:\\depbot-work\\execution_logs\\BMeu__Orchard__pr192\\BMeu__Orchard__pr192__AFTER__INSTALL__att1.stdout.txt"", ""C:\\depbot-work\\execution_logs\\BMeu__Orchard__pr192\\BMeu__Orchard__pr192__AFTER__INSTALL__att1.stderr.txt""]",,2026-07-24 17:32:24,[Security] Bump jinja2 from 2.10 to 2.10.1,2019-04-12 18:28:18,partition1_xlsx
BMeu/Orchard,211,flask,0.12.2,0.12.3,pip,0f922a6d2306829a3c8501576e560f98e4a498d3,2dd236d7afe49693a61300826a9f3bf45cc7203b,INSTALL,INSTALL,FAIL->FAIL,,0,medium,1,,"[""C:\\depbot-work\\execution_logs\\BMeu__Orchard__pr211\\BMeu__Orchard__pr211__BEFORE__INSTALL__att1.stdout.txt"", ""C:\\depbot-work\\execution_logs\\BMeu__Orchard__pr211\\BMeu__Orchard__pr211__BEFORE__INSTALL__att1.stderr.txt"", ""C:\\depbot-work\\execution_logs\\BMeu__Orchard__pr211\\BMeu__Orchard__pr211__AFTER__INSTALL__att1.stdout.txt"", ""C:\\depbot-work\\execution_logs\\BMeu__Orchard__pr211\\BMeu__Orchard__pr211__AFTER__INSTALL__att1.stderr.txt""]",,2026-07-24 17:33:25,[Security] Bump flask from 0.12.2 to 0.12.3,2019-05-20 04:13:11,partition1_xlsx
squirrel532/ntu-vote-auth-server,4,gunicorn,19.3.0,19.9.0,pip,a4ed7caad6ec1cda4ad072f52a31725679b03be8,f311a969cd38a796d29244c1bae2faf1212db908,TEST,TEST,FAIL->FAIL,,0,medium,1,,"[""C:\\depbot-work\\execution_logs\\squirrel532__ntu-vote-auth-server__pr4\\squirrel532__ntu-vote-auth-server__pr4__BEFORE__INSTALL__att1.stdout.txt"", ""C:\\depbot-work\\execution_logs\\squirrel532__ntu-vote-auth-server__pr4\\squirrel532__ntu-vote-auth-server__pr4__BEFORE__TEST__att1.stdout.txt"", ""C:\\depbot-work\\execution_logs\\squirrel532__ntu-vote-auth-server__pr4\\squirrel532__ntu-vote-auth-server__pr4__BEFORE__INSTALL__att1.stderr.txt"", ""C:\\depbot-work\\execution_logs\\squirrel532__ntu-vote-auth-server__pr4\\squirrel532__ntu-vote-auth-server__pr4__BEFORE__TEST__att1.stderr.txt"", ""C:\\depbot-work\\execution_logs\\squirrel532__ntu-vote-auth-server__pr4\\squirrel532__ntu-vote-auth-server__pr4__AFTER__INSTALL__att1.stdout.txt"", ""C:\\depbot-work\\execution_logs\\squirrel532__ntu-vote-auth-server__pr4\\squirrel532__ntu-vote-auth-server__pr4__AFTER__TEST__att1.stdout.txt"", ""C:\\depbot-work\\execution_logs\\squirrel532__ntu-vote-auth-server__pr4\\squirrel532__ntu-vote-auth-server__pr4__AFTER__INSTALL__att1.stderr.txt"", ""C:\\depbot-work\\execution_logs\\squirrel532__ntu-vote-auth-server__pr4\\squirrel532__ntu-vote-auth-server__pr4__AFTER__TEST__att1.stderr.txt""]",,2026-07-24 17:34:33,[Security] Bump gunicorn from 19.3.0 to 19.9.0,2018-07-24 02:28:20,partition1_xlsx
pyprism/Hiren-Vault,69,django,2.0,2.1.2,pip,9dbac32f678afdfc10f2c974d8b54bc22c97ac6b,5bb6bedf6ab78b795033a95c79fe67c25d513481,UNRUNNABLE,UNRUNNABLE,UNRUNNABLE,,0,medium,1,,[],,2026-07-24 17:35:40,[Security] Bump django from 2.0 to 2.1.2,2018-10-09 14:30:27,partition1_xlsx
open-ods/open-ods,214,pyyaml,3.13,5.1,pip,96206da68fd934c0fae2cdecf493fa621dc92cf3,d6de132329a92f6111f42a4214cd64452a5f7a7c,INSTALL,INSTALL,FAIL->FAIL,,0,medium,1,,"[""C:\\depbot-work\\execution_logs\\open-ods__open-ods__pr214\\open-ods__open-ods__pr214__BEFORE__INSTALL__att1.stdout.txt"", ""C:\\depbot-work\\execution_logs\\open-ods__open-ods__pr214\\open-ods__open-ods__pr214__BEFORE__INSTALL__att1.stderr.txt"", ""C:\\depbot-work\\execution_logs\\open-ods__open-ods__pr214\\open-ods__open-ods__pr214__AFTER__INSTALL__att1.stdout.txt"", ""C:\\depbot-work\\execution_logs\\open-ods__open-ods__pr214\\open-ods__open-ods__pr214__AFTER__INSTALL__att1.stderr.txt""]",,2026-07-24 17:35:50,[Security] Bump pyyaml from 3.13 to 5.1,2019-03-14 00:07:01,partition1_xlsx
open-ods/open-ods,234,werkzeug,0.14.1,0.15.3,pip,96206da68fd934c0fae2cdecf493fa621dc92cf3,8fd9e6b25bcf4af073af33d209023622cebda595,INSTALL,INSTALL,FAIL->FAIL,,0,medium,1,,"[""C:\\depbot-work\\execution_logs\\open-ods__open-ods__pr234\\open-ods__open-ods__pr234__BEFORE__INSTALL__att1.stdout.txt"", ""C:\\depbot-work\\execution_logs\\open-ods__open-ods__pr234\\open-ods__open-ods__pr234__BEFORE__INSTALL__att1.stderr.txt"", ""C:\\depbot-work\\execution_logs\\open-ods__open-ods__pr234\\open-ods__open-ods__pr234__AFTER__INSTALL__att1.stdout.txt"", ""C:\\depbot-work\\execution_logs\\open-ods__open-ods__pr234\\open-ods__open-ods__pr234__AFTER__INSTALL__att1.stderr.txt""]",,2026-07-24 17:36:00,[Security] Bump werkzeug from 0.14.1 to 0.15.3,2019-08-21 16:25:00,partition1_xlsx
palfrey/kitling,55,jinja2,2.10,2.10.1,pip,23b53686d50dbd12486b18e3864277fe03c80326,c564bbc31f89ccdcc6279abf8f87019131341e6e,INSTALL,INSTALL,FAIL->FAIL,,0,medium,1,,"[""C:\\depbot-work\\execution_logs\\palfrey__kitling__pr55\\palfrey__kitling__pr55__BEFORE__INSTALL__att1.stdout.txt"", ""C:\\depbot-work\\execution_logs\\palfrey__kitling__pr55\\palfrey__kitling__pr55__BEFORE__INSTALL__att1.stderr.txt"", ""C:\\depbot-work\\execution_logs\\palfrey__kitling__pr55\\palfrey__kitling__pr55__AFTER__INSTALL__att1.stdout.txt"", ""C:\\depbot-work\\execution_logs\\palfrey__kitling__pr55\\palfrey__kitling__pr55__AFTER__INSTALL__att1.stderr.txt""]",,2026-07-24 17:36:05,[Security] Bump jinja2 from 2.10 to 2.10.1 in /frontend,2019-04-12 18:27:48,partition1_xlsx
palfrey/kitling,60,django,2.1.10,2.1.11,pip,ac7f309ad1d9d220868a044a848a6d0cc9c5ea67,049c369d0bd804219a5d9dd5f6907e7001c5d4de,INSTALL,INSTALL,FAIL->FAIL,,0,medium,1,,"[""C:\\depbot-work\\execution_logs\\palfrey__kitling__pr60\\palfrey__kitling__pr60__BEFORE__INSTALL__att1.stdout.txt"", ""C:\\depbot-work\\execution_logs\\palfrey__kitling__pr60\\palfrey__kitling__pr60__BEFORE__INSTALL__att1.stderr.txt"", ""C:\\depbot-work\\execution_logs\\palfrey__kitling__pr60\\palfrey__kitling__pr60__AFTER__INSTALL__att1.stdout.txt"", ""C:\\depbot-work\\execution_logs\\palfrey__kitling__pr60\\palfrey__kitling__pr60__AFTER__INSTALL__att1.stderr.txt""]",,2026-07-24 17:36:11,[Security] Bump django from 2.1.10 to 2.1.11 in /frontend,2019-08-06 01:45:00,partition1_xlsx
ebmdatalab/openprescribing,1160,paramiko,2.4.1,2.4.2,pip,4464141f3c33ba821495c7ce986c98db119d3e51,4b877bc6b39bb1421d62d7b8b688a5bd032580f1,INSTALL,INSTALL,FAIL->FAIL,,0,medium,1,,"[""C:\\depbot-work\\execution_logs\\ebmdatalab__openprescribing__pr1160\\ebmdatalab__openprescribing__pr1160__BEFORE__INSTALL__att1.stdout.txt"", ""C:\\depbot-work\\execution_logs\\ebmdatalab__openprescribing__pr1160\\ebmdatalab__openprescribing__pr1160__BEFORE__INSTALL__att1.stderr.txt"", ""C:\\depbot-work\\execution_logs\\ebmdatalab__openprescribing__pr1160\\ebmdatalab__openprescribing__pr1160__AFTER__INSTALL__att1.stdout.txt"", ""C:\\depbot-work\\execution_logs\\ebmdatalab__openprescribing__pr1160\\ebmdatalab__openprescribing__pr1160__AFTER__INSTALL__att1.stderr.txt""]",,2026-07-24 17:37:12,[Security] Bump paramiko from 2.4.1 to 2.4.2,2018-11-06 05:19:35,partition1_xlsx
open-ods/open-ods,218,jinja2,2.10,2.10.1,pip,96206da68fd934c0fae2cdecf493fa621dc92cf3,d1070eee21255d81df32e35d978cbe591b6480a6,INSTALL,INSTALL,FAIL->FAIL,,0,medium,1,,"[""C:\\depbot-work\\execution_logs\\open-ods__open-ods__pr218\\open-ods__open-ods__pr218__BEFORE__INSTALL__att1.stdout.txt"", ""C:\\depbot-work\\execution_logs\\open-ods__open-ods__pr218\\open-ods__open-ods__pr218__BEFORE__INSTALL__att1.stderr.txt"", ""C:\\depbot-work\\execution_logs\\open-ods__open-ods__pr218\\open-ods__open-ods__pr218__AFTER__INSTALL__att1.stdout.txt"", ""C:\\depbot-work\\execution_logs\\open-ods__open-ods__pr218\\open-ods__open-ods__pr218__AFTER__INSTALL__att1.stderr.txt""]",,2026-07-24 17:37:21,[Security] Bump jinja2 from 2.10 to 2.10.1,2019-04-12 18:28:11,partition1_xlsx
B3Partners/tailormap,1071,lucene-core,4.6.0,7.3.1,maven,fd566bd46b89aeaacdbdd904ac068aeb86ccb13f,05ecf74b9d7b0f3f025f137dc5f98855fb2bf431,INSTALL,INSTALL,FAIL->FAIL,,0,medium,1,,"[""C:\\depbot-work\\execution_logs\\B3Partners__tailormap__pr1071\\B3Partners__tailormap__pr1071__BEFORE__INSTALL__att1.stdout.txt"", ""C:\\depbot-work\\execution_logs\\B3Partners__tailormap__pr1071\\B3Partners__tailormap__pr1071__BEFORE__INSTALL__att1.stderr.txt"", ""C:\\depbot-work\\execution_logs\\B3Partners__tailormap__pr1071\\B3Partners__tailormap__pr1071__AFTER__INSTALL__att1.stdout.txt"", ""C:\\depbot-work\\execution_logs\\B3Partners__tailormap__pr1071\\B3Partners__tailormap__pr1071__AFTER__INSTALL__att1.stderr.txt""]",,2026-07-29 03:07:38,[Security] Bump lucene-core from 4.6.0 to 7.3.1,2018-06-03 21:11:18,partition1_xlsx
B3Partners/tailormap,1516,tomcat.version,7.0.96,8.5.2,maven,ef9d23adb08446d3b38b8a639c751af5fb728971,e98149dd9e0841537bd7ff0b8bcff20757ab2494,INSTALL,INSTALL,FAIL->FAIL,,0,medium,1,,"[""C:\\depbot-work\\execution_logs\\B3Partners__tailormap__pr1516\\B3Partners__tailormap__pr1516__BEFORE__INSTALL__att1.stdout.txt"", ""C:\\depbot-work\\execution_logs\\B3Partners__tailormap__pr1516\\B3Partners__tailormap__pr1516__BEFORE__INSTALL__att1.stderr.txt"", ""C:\\depbot-work\\execution_logs\\B3Partners__tailormap__pr1516\\B3Partners__tailormap__pr1516__AFTER__INSTALL__att1.stdout.txt"", ""C:\\depbot-work\\execution_logs\\B3Partners__tailormap__pr1516\\B3Partners__tailormap__pr1516__AFTER__INSTALL__att1.stderr.txt""]",,2026-07-29 03:08:04,[Security] Bump tomcat.version from 7.0.96 to 8.5.2,2019-08-12 05:55:00,partition1_xlsx
B3Partners/brmo,449,tomcat.version,7.0.88,8.5.2,maven,2464c20782c9b16378ba946bd57329869a8dea15,f69551ebd2939fe0f6699c276b229c172914565a,INSTALL,INSTALL,FAIL->FAIL,,0,medium,1,,"[""C:\\depbot-work\\execution_logs\\B3Partners__brmo__pr449\\B3Partners__brmo__pr449__BEFORE__INSTALL__att1.stdout.txt"", ""C:\\depbot-work\\execution_logs\\B3Partners__brmo__pr449\\B3Partners__brmo__pr449__BEFORE__INSTALL__att1.stderr.txt"", ""C:\\depbot-work\\execution_logs\\B3Partners__brmo__pr449\\B3Partners__brmo__pr449__AFTER__INSTALL__att1.stdout.txt"", ""C:\\depbot-work\\execution_logs\\B3Partners__brmo__pr449\\B3Partners__brmo__pr449__AFTER__INSTALL__att1.stderr.txt""]",,2026-07-29 03:08:52,[Security] Bump tomcat.version from 7.0.88 to 8.5.2,2018-06-02 15:28:06,partition1_xlsx
glovguy/flask-chat-bots,107,Flask,0.12.2,1.0,pip,2383e9d63fc53882589b8898d58ea9a0c9e6a80d,c1087a8568e47c22fb562eb46745fbc8f3e6904b,INSTALL,INSTALL,FAIL->FAIL,,0,medium,1,,"[""C:\\depbot-work\\execution_logs\\glovguy__flask-chat-bots__pr107\\glovguy__flask-chat-bots__pr107__BEFORE__INSTALL__att1.stdout.txt"", ""C:\\depbot-work\\execution_logs\\glovguy__flask-chat-bots__pr107\\glovguy__flask-chat-bots__pr107__BEFORE__INSTALL__att1.stderr.txt"", ""C:\\depbot-work\\execution_logs\\glovguy__flask-chat-bots__pr107\\glovguy__flask-chat-bots__pr107__AFTER__INSTALL__att1.stdout.txt"", ""C:\\depbot-work\\execution_logs\\glovguy__flask-chat-bots__pr107\\glovguy__flask-chat-bots__pr107__AFTER__INSTALL__att1.stderr.txt""]",,2026-07-29 03:09:19,[Security] Bump Flask from 0.12.2 to 1.0,2018-04-27 10:11:43,partition1_xlsx
glovguy/flask-chat-bots,119,django,1.10.4,2.1.1,pip,2383e9d63fc53882589b8898d58ea9a0c9e6a80d,77e2083167d5109df4bc5050d6c21e99661fb9ce,INSTALL,INSTALL,FAIL->FAIL,,0,medium,1,,"[""C:\\depbot-work\\execution_logs\\glovguy__flask-chat-bots__pr119\\glovguy__flask-chat-bots__pr119__BEFORE__INSTALL__att1.stdout.txt"", ""C:\\depbot-work\\execution_logs\\glovguy__flask-chat-bots__pr119\\glovguy__flask-chat-bots__pr119__BEFORE__INSTALL__att1.stderr.txt"", ""C:\\depbot-work\\execution_logs\\glovguy__flask-chat-bots__pr119\\glovguy__flask-chat-bots__pr119__AFTER__INSTALL__att1.stdout.txt"", ""C:\\depbot-work\\execution_logs\\glovguy__flask-chat-bots__pr119\\glovguy__flask-chat-bots__pr119__AFTER__INSTALL__att1.stderr.txt""]",,2026-07-29 03:09:50,[Security] Bump django from 1.10.4 to 2.1.1,2018-08-31 10:13:04,partition1_xlsx
glovguy/flask-chat-bots,118,django,1.10.4,2.1,pip,2383e9d63fc53882589b8898d58ea9a0c9e6a80d,ec76074a5179d579adb5831ac8892af82fef9a3c,INSTALL,INSTALL,FAIL->FAIL,,0,medium,1,,"[""C:\\depbot-work\\execution_logs\\glovguy__flask-chat-bots__pr118\\glovguy__flask-chat-bots__pr118__BEFORE__INSTALL__att1.stdout.txt"", ""C:\\depbot-work\\execution_logs\\glovguy__flask-chat-bots__pr118\\glovguy__flask-chat-bots__pr118__BEFORE__INSTALL__att1.stderr.txt"", ""C:\\depbot-work\\execution_logs\\glovguy__flask-chat-bots__pr118\\glovguy__flask-chat-bots__pr118__AFTER__INSTALL__att1.stdout.txt"", ""C:\\depbot-work\\execution_logs\\glovguy__flask-chat-bots__pr118\\glovguy__flask-chat-bots__pr118__AFTER__INSTALL__att1.stderr.txt""]",,2026-07-29 03:10:03,[Security] Bump django from 1.10.4 to 2.1,2018-08-30 10:13:30,partition1_xlsx
glovguy/flask-chat-bots,126,django,1.10.4,2.1.5,pip,2383e9d63fc53882589b8898d58ea9a0c9e6a80d,5fd0831d7527978b67f3668bf10ea0bceb2bfb5d,INSTALL,INSTALL,FAIL->FAIL,,0,medium,1,,"[""C:\\depbot-work\\execution_logs\\glovguy__flask-chat-bots__pr126\\glovguy__flask-chat-bots__pr126__BEFORE__INSTALL__att1.stdout.txt"", ""C:\\depbot-work\\execution_logs\\glovguy__flask-chat-bots__pr126\\glovguy__flask-chat-bots__pr126__BEFORE__INSTALL__att1.stderr.txt"", ""C:\\depbot-work\\execution_logs\\glovguy__flask-chat-bots__pr126\\glovguy__flask-chat-bots__pr126__AFTER__INSTALL__att1.stdout.txt"", ""C:\\depbot-work\\execution_logs\\glovguy__flask-chat-bots__pr126\\glovguy__flask-chat-bots__pr126__AFTER__INSTALL__att1.stderr.txt""]",,2026-07-29 03:10:23,[Security] Bump django from 1.10.4 to 2.1.5,2019-01-07 10:14:19,partition1_xlsx
raihan-uddin/Django-Web-Board-Project,5,Django,1.11.0,2.0.4,pip,a1cd060b3d250c550395c2391c8f856c2f72cf07,be3bbc570fc27d5f0a40c95c3690bae13cd6f68d,INSTALL,INSTALL,FAIL->FAIL,,0,medium,1,,"[""C:\\depbot-work\\execution_logs\\raihan-uddin__Django-Web-Board-Project__pr5\\raihan-uddin__Django-Web-Board-Project__pr5__BEFORE__INSTALL__att1.stdout.txt"", ""C:\\depbot-work\\execution_logs\\raihan-uddin__Django-Web-Board-Project__pr5\\raihan-uddin__Django-Web-Board-Project__pr5__BEFORE__INSTALL__att1.stderr.txt"", ""C:\\depbot-work\\execution_logs\\raihan-uddin__Django-Web-Board-Project__pr5\\raihan-uddin__Django-Web-Board-Project__pr5__AFTER__INSTALL__att1.stdout.txt"", ""C:\\depbot-work\\execution_logs\\raihan-uddin__Django-Web-Board-Project__pr5\\raihan-uddin__Django-Web-Board-Project__pr5__AFTER__INSTALL__att1.stderr.txt""]",,2026-07-29 03:10:33,[Security] Bump Django from 1.11.0 to 2.0.4,2018-04-03 23:12:25,partition1_xlsx
raihan-uddin/Django-Web-Board-Project,12,django,1.11.0,2.1.1,pip,a1cd060b3d250c550395c2391c8f856c2f72cf07,6d7398ba044d6dfade13244c17cce9d7eeab904a,INSTALL,INSTALL,FAIL->FAIL,,0,medium,1,,"[""C:\\depbot-work\\execution_logs\\raihan-uddin__Django-Web-Board-Project__pr12\\raihan-uddin__Django-Web-Board-Project__pr12__BEFORE__INSTALL__att1.stdout.txt"", ""C:\\depbot-work\\execution_logs\\raihan-uddin__Django-Web-Board-Project__pr12\\raihan-uddin__Django-Web-Board-Project__pr12__BEFORE__INSTALL__att1.stderr.txt"", ""C:\\depbot-work\\execution_logs\\raihan-uddin__Django-Web-Board-Project__pr12\\raihan-uddin__Django-Web-Board-Project__pr12__AFTER__INSTALL__att1.stdout.txt"", ""C:\\depbot-work\\execution_logs\\raihan-uddin__Django-Web-Board-Project__pr12\\raihan-uddin__Django-Web-Board-Project__pr12__AFTER__INSTALL__att1.stderr.txt""]",,2026-07-29 03:10:44,[Security] Bump django from 1.11.0 to 2.1.1,2018-08-31 23:12:41,partition1_xlsx
raihan-uddin/Django-Web-Board-Project,19,django,1.11.0,2.1.5,pip,a1cd060b3d250c550395c2391c8f856c2f72cf07,4180bf2f4da3b1e1036b4c4bdd97ba081d886124,INSTALL,INSTALL,FAIL->FAIL,,0,medium,1,,"[""C:\\depbot-work\\execution_logs\\raihan-uddin__Django-Web-Board-Project__pr19\\raihan-uddin__Django-Web-Board-Project__pr19__BEFORE__INSTALL__att1.stdout.txt"", ""C:\\depbot-work\\execution_logs\\raihan-uddin__Django-Web-Board-Project__pr19\\raihan-uddin__Django-Web-Board-Project__pr19__BEFORE__INSTALL__att1.stderr.txt"", ""C:\\depbot-work\\execution_logs\\raihan-uddin__Django-Web-Board-Project__pr19\\raihan-uddin__Django-Web-Board-Project__pr19__AFTER__INSTALL__att1.stdout.txt"", ""C:\\depbot-work\\execution_logs\\raihan-uddin__Django-Web-Board-Project__pr19\\raihan-uddin__Django-Web-Board-Project__pr19__AFTER__INSTALL__att1.stderr.txt""]",,2026-07-29 03:10:55,[Security] Bump django from 1.11.0 to 2.1.5,2019-01-04 23:12:45,partition1_xlsx
michelin/suricate,23,org.joinfaces:jsf-spring-boot-starter,2.4.1,3.0.0.RC1,maven,ca8f55b2da03e65c0c6e870f438cdc3083519557,8e68413c5fb03a8353d9b556cd237f69f4e5c3af,INSTALL,INSTALL,FAIL->FAIL,,0,medium,1,,"[""C:\\depbot-work\\execution_logs\\michelin__suricate__pr23\\michelin__suricate__pr23__BEFORE__INSTALL__att1.stdout.txt"", ""C:\\depbot-work\\execution_logs\\michelin__suricate__pr23\\michelin__suricate__pr23__BEFORE__INSTALL__att1.stderr.txt"", ""C:\\depbot-work\\execution_logs\\michelin__suricate__pr23\\michelin__suricate__pr23__AFTER__INSTALL__att1.stdout.txt"", ""C:\\depbot-work\\execution_logs\\michelin__suricate__pr23\\michelin__suricate__pr23__AFTER__INSTALL__att1.stderr.txt""]",,2026-07-29 03:10:59,Bump org.joinfaces:jsf-spring-boot-starter from 2.4.1 to 3.0.0.RC1 in /backend,2018-02-13 07:12:12,partition1_xlsx
Contrast-Security-OSS/DjanGoat,18,Django,1.11.1,2.0.2,pip,b06005053d4448c9ab9a0351c333e79ce164cbb6,0e3108e84600a957e154e4f8671dafabcb3b8324,INSTALL,INSTALL,FAIL->FAIL,,0,medium,1,,"[""C:\\depbot-work\\execution_logs\\Contrast-Security-OSS__DjanGoat__pr18\\Contrast-Security-OSS__DjanGoat__pr18__BEFORE__INSTALL__att1.stdout.txt"", ""C:\\depbot-work\\execution_logs\\Contrast-Security-OSS__DjanGoat__pr18\\Contrast-Security-OSS__DjanGoat__pr18__BEFORE__INSTALL__att1.stderr.txt"", ""C:\\depbot-work\\execution_logs\\Contrast-Security-OSS__DjanGoat__pr18\\Contrast-Security-OSS__DjanGoat__pr18__AFTER__INSTALL__att1.stdout.txt"", ""C:\\depbot-work\\execution_logs\\Contrast-Security-OSS__DjanGoat__pr18\\Contrast-Security-OSS__DjanGoat__pr18__AFTER__INSTALL__att1.stderr.txt""]",,2026-07-29 03:12:13,[Security] Bump Django from 1.11.1 to 2.0.2,2018-02-06 23:59:30,partition1_xlsx
Contrast-Security-OSS/DjanGoat,36,django,1.11.1,2.1.1,pip,e72c20065a2b30869f40cb6f16e809ef08fb3615,4ed78f8ac06e95acc85de84037478fae6c6c9e54,INSTALL,INSTALL,FAIL->FAIL,,0,medium,1,,"[""C:\\depbot-work\\execution_logs\\Contrast-Security-OSS__DjanGoat__pr36\\Contrast-Security-OSS__DjanGoat__pr36__BEFORE__INSTALL__att1.stdout.txt"", ""C:\\depbot-work\\execution_logs\\Contrast-Security-OSS__DjanGoat__pr36\\Contrast-Security-OSS__DjanGoat__pr36__BEFORE__INSTALL__att1.stderr.txt"", ""C:\\depbot-work\\execution_logs\\Contrast-Security-OSS__DjanGoat__pr36\\Contrast-Security-OSS__DjanGoat__pr36__AFTER__INSTALL__att1.stdout.txt"", ""C:\\depbot-work\\execution_logs\\Contrast-Security-OSS__DjanGoat__pr36\\Contrast-Security-OSS__DjanGoat__pr36__AFTER__INSTALL__att1.stderr.txt""]",,2026-07-29 03:13:06,[Security] Bump django from 1.11.1 to 2.1.1,2018-09-01 13:11:56,partition1_xlsx
Contrast-Security-OSS/DjanGoat,57,django,1.11.1,2.1.5,pip,686f09dcd8f7e70acf9edefaae81448f8175caad,7d3cb9e555b89bc781af00dc2f69aac3555be38b,INSTALL,INSTALL,FAIL->FAIL,,0,medium,1,,"[""C:\\depbot-work\\execution_logs\\Contrast-Security-OSS__DjanGoat__pr57\\Contrast-Security-OSS__DjanGoat__pr57__BEFORE__INSTALL__att1.stdout.txt"", ""C:\\depbot-work\\execution_logs\\Contrast-Security-OSS__DjanGoat__pr57\\Contrast-Security-OSS__DjanGoat__pr57__BEFORE__INSTALL__att1.stderr.txt"", ""C:\\depbot-work\\execution_logs\\Contrast-Security-OSS__DjanGoat__pr57\\Contrast-Security-OSS__DjanGoat__pr57__AFTER__INSTALL__att1.stdout.txt"", ""C:\\depbot-work\\execution_logs\\Contrast-Security-OSS__DjanGoat__pr57\\Contrast-Security-OSS__DjanGoat__pr57__AFTER__INSTALL__att1.stderr.txt""]",,2026-07-29 03:13:45,[Security] Bump django from 1.11.1 to 2.1.5,2019-02-01 13:23:03,partition1_xlsx
squirrel532/ntu-vote-auth-server,6,django,1.9.5,2.1.1,pip,a4ed7caad6ec1cda4ad072f52a31725679b03be8,973c162b2efc68c55e2cb8cc117ea88d41bdb707,TEST,TEST,FAIL->FAIL,,0,medium,1,,"[""C:\\depbot-work\\execution_logs\\squirrel532__ntu-vote-auth-server__pr6\\squirrel532__ntu-vote-auth-server__pr6__BEFORE__INSTALL__att1.stdout.txt"", ""C:\\depbot-work\\execution_logs\\squirrel532__ntu-vote-auth-server__pr6\\squirrel532__ntu-vote-auth-server__pr6__BEFORE__TEST__att1.stdout.txt"", ""C:\\depbot-work\\execution_logs\\squirrel532__ntu-vote-auth-server__pr6\\squirrel532__ntu-vote-auth-server__pr6__BEFORE__INSTALL__att1.stderr.txt"", ""C:\\depbot-work\\execution_logs\\squirrel532__ntu-vote-auth-server__pr6\\squirrel532__ntu-vote-auth-server__pr6__BEFORE__TEST__att1.stderr.txt"", ""C:\\depbot-work\\execution_logs\\squirrel532__ntu-vote-auth-server__pr6\\squirrel532__ntu-vote-auth-server__pr6__AFTER__INSTALL__att1.stdout.txt"", ""C:\\depbot-work\\execution_logs\\squirrel532__ntu-vote-auth-server__pr6\\squirrel532__ntu-vote-auth-server__pr6__AFTER__TEST__att1.stdout.txt"", ""C:\\depbot-work\\execution_logs\\squirrel532__ntu-vote-auth-server__pr6\\squirrel532__ntu-vote-auth-server__pr6__AFTER__INSTALL__att1.stderr.txt"", ""C:\\depbot-work\\execution_logs\\squirrel532__ntu-vote-auth-server__pr6\\squirrel532__ntu-vote-auth-server__pr6__AFTER__TEST__att1.stderr.txt""]",,2026-07-29 03:15:38,[Security] Bump django from 1.9.5 to 2.1.1,2018-09-01 21:12:17,partition1_xlsx
risdenk/calcite,9,jetty.version,9.2.19.v20160908,9.4.12.v20180830,maven,82ab280b492c737c1668360a4a434718465ad013,8c1044cab46b456e9233741f39e1731f04d0db6b,INSTALL,INSTALL,FAIL->FAIL,,0,medium,1,,"[""C:\\depbot-work\\execution_logs\\risdenk__calcite__pr9\\risdenk__calcite__pr9__BEFORE__INSTALL__att1.stdout.txt"", ""C:\\depbot-work\\execution_logs\\risdenk__calcite__pr9\\risdenk__calcite__pr9__BEFORE__INSTALL__att1.stderr.txt"", ""C:\\depbot-work\\execution_logs\\risdenk__calcite__pr9\\risdenk__calcite__pr9__AFTER__INSTALL__att1.stdout.txt"", ""C:\\depbot-work\\execution_logs\\risdenk__calcite__pr9\\risdenk__calcite__pr9__AFTER__INSTALL__att1.stderr.txt""]",,2026-07-29 03:15:45,[Security] Bump jetty.version from 9.2.19.v20160908 to 9.4.12.v20180830,2018-09-01 14:52:54,partition1_xlsx
risdenk/calcite,99,hadoop.version,2.7.5,3.2.0,maven,883666929478aabe07ee5b9e572c43a6f1a703e2,ecc5866ffbd748680f959af8590d5b72f9653c7f,INSTALL,INSTALL,FAIL->FAIL,,0,medium,1,,"[""C:\\depbot-work\\execution_logs\\risdenk__calcite__pr99\\risdenk__calcite__pr99__BEFORE__INSTALL__att1.stdout.txt"", ""C:\\depbot-work\\execution_logs\\risdenk__calcite__pr99\\risdenk__calcite__pr99__BEFORE__INSTALL__att1.stderr.txt"", ""C:\\depbot-work\\execution_logs\\risdenk__calcite__pr99\\risdenk__calcite__pr99__AFTER__INSTALL__att1.stdout.txt"", ""C:\\depbot-work\\execution_logs\\risdenk__calcite__pr99\\risdenk__calcite__pr99__AFTER__INSTALL__att1.stderr.txt""]",,2026-07-29 03:15:53,[Security] Bump hadoop.version from 2.7.5 to 3.2.0,2019-02-18 11:26:47,partition1_xlsx
devights/CarterScraper,4,django,1.7,2.1.1,pip,7a98e9683d658d76096b115721a110b58f380b87,6ee9ee28091e708496cd6c08313a63a6d94c7e02,INSTALL,INSTALL,FAIL->FAIL,,0,medium,1,,"[""C:\\depbot-work\\execution_logs\\devights__CarterScraper__pr4\\devights__CarterScraper__pr4__BEFORE__INSTALL__att1.stdout.txt"", ""C:\\depbot-work\\execution_logs\\devights__CarterScraper__pr4\\devights__CarterScraper__pr4__BEFORE__INSTALL__att1.stderr.txt"", ""C:\\depbot-work\\execution_logs\\devights__CarterScraper__pr4\\devights__CarterScraper__pr4__AFTER__INSTALL__att1.stdout.txt"", ""C:\\depbot-work\\execution_logs\\devights__CarterScraper__pr4\\devights__CarterScraper__pr4__AFTER__INSTALL__att1.stderr.txt""]",,2026-07-29 03:16:06,[Security] Bump django from 1.7 to 2.1.1,2018-08-31 13:17:46,partition1_xlsx
devights/CarterScraper,9,django,1.7,2.1.5,pip,7a98e9683d658d76096b115721a110b58f380b87,6cb74a2a432c8c7332c13fffae86d9d6ee32d86f,INSTALL,INSTALL,FAIL->FAIL,,0,medium,1,,"[""C:\\depbot-work\\execution_logs\\devights__CarterScraper__pr9\\devights__CarterScraper__pr9__BEFORE__INSTALL__att1.stdout.txt"", ""C:\\depbot-work\\execution_logs\\devights__CarterScraper__pr9\\devights__CarterScraper__pr9__BEFORE__INSTALL__att1.stderr.txt"", ""C:\\depbot-work\\execution_logs\\devights__CarterScraper__pr9\\devights__CarterScraper__pr9__AFTER__INSTALL__att1.stdout.txt"", ""C:\\depbot-work\\execution_logs\\devights__CarterScraper__pr9\\devights__CarterScraper__pr9__AFTER__INSTALL__att1.stderr.txt""]",,2026-07-29 03:16:21,[Security] Bump django from 1.7 to 2.1.5,2019-01-07 13:25:23,partition1_xlsx
lazycoderio/Security-Testing-Selenium-Jenkins,40,django,1.11.7,2.1,pip,7154ba91304fbed835b16f123f1c65100b2875e9,4c617a296f747a7c7aba7987ae235a3c897036af,INSTALL,INSTALL,FAIL->FAIL,,0,medium,1,,"[""C:\\depbot-work\\execution_logs\\lazycoderio__Security-Testing-Selenium-Jenkins__pr40\\lazycoderio__Security-Testing-Selenium-Jenkins__pr40__BEFORE__INSTALL__att1.stdout.txt"", ""C:\\depbot-work\\execution_logs\\lazycoderio__Security-Testing-Selenium-Jenkins__pr40\\lazycoderio__Security-Testing-Selenium-Jenkins__pr40__BEFORE__INSTALL__att1.stderr.txt"", ""C:\\depbot-work\\execution_logs\\lazycoderio__Security-Testing-Selenium-Jenkins__pr40\\lazycoderio__Security-Testing-Selenium-Jenkins__pr40__AFTER__INSTALL__att1.stdout.txt"", ""C:\\depbot-work\\execution_logs\\lazycoderio__Security-Testing-Selenium-Jenkins__pr40\\lazycoderio__Security-Testing-Selenium-Jenkins__pr40__AFTER__INSTALL__att1.stderr.txt""]",,2026-07-29 03:17:21,[Security] Bump django from 1.11.7 to 2.1,2018-08-30 10:12:14,partition1_xlsx
kwpav/recordcrate,42,django,1.11.7,2.1.1,pip,e8720afad56e672db5b2fade3654b0c050630dfe,4c9dcd9fe14d6df055f41dd4d0bb1a8dacee0373,INSTALL,INSTALL,FAIL->FAIL,,0,medium,1,,"[""C:\\depbot-work\\execution_logs\\kwpav__recordcrate__pr42\\kwpav__recordcrate__pr42__BEFORE__INSTALL__att1.stdout.txt"", ""C:\\depbot-work\\execution_logs\\kwpav__recordcrate__pr42\\kwpav__recordcrate__pr42__BEFORE__INSTALL__att1.stderr.txt"", ""C:\\depbot-work\\execution_logs\\kwpav__recordcrate__pr42\\kwpav__recordcrate__pr42__AFTER__INSTALL__att1.stdout.txt"", ""C:\\depbot-work\\execution_logs\\kwpav__recordcrate__pr42\\kwpav__recordcrate__pr42__AFTER__INSTALL__att1.stderr.txt""]",,2026-07-29 03:17:26,[Security] Bump django from 1.11.7 to 2.1.1 in /api,2018-08-31 09:13:53,partition1_xlsx
dashorst/wicket,12,tomcat-catalina,8.5.19,9.0.11,maven,e557d4399415defd0dd589bf41ff5a7d91ce1b79,5a1c354e04174d4b1456d25977d6aea228ee75f1,INSTALL,INSTALL,FAIL->FAIL,,0,medium,1,,"[""C:\\depbot-work\\execution_logs\\dashorst__wicket__pr12\\dashorst__wicket__pr12__BEFORE__INSTALL__att1.stdout.txt"", ""C:\\depbot-work\\execution_logs\\dashorst__wicket__pr12\\dashorst__wicket__pr12__BEFORE__INSTALL__att1.stderr.txt"", ""C:\\depbot-work\\execution_logs\\dashorst__wicket__pr12\\dashorst__wicket__pr12__AFTER__INSTALL__att1.stdout.txt"", ""C:\\depbot-work\\execution_logs\\dashorst__wicket__pr12\\dashorst__wicket__pr12__AFTER__INSTALL__att1.stderr.txt""]",,2026-07-29 03:17:44,[Security] Bump tomcat-catalina from 8.5.19 to 9.0.11,2018-08-29 21:20:28,partition1_xlsx
janlaan/DependencyCheck,85,spring-webmvc,2.5.5,5.1.4.RELEASE,maven,11cb713238ebdafa2f37e91564b371c8e805a3a5,76e01cf751fd9b5e16a4747dc7ba11b3f6368b40,INSTALL,INSTALL,FAIL->FAIL,,0,medium,1,,"[""C:\\depbot-work\\execution_logs\\janlaan__DependencyCheck__pr85\\janlaan__DependencyCheck__pr85__BEFORE__INSTALL__att1.stdout.txt"", ""C:\\depbot-work\\execution_logs\\janlaan__DependencyCheck__pr85\\janlaan__DependencyCheck__pr85__BEFORE__INSTALL__att1.stderr.txt"", ""C:\\depbot-work\\execution_logs\\janlaan__DependencyCheck__pr85\\janlaan__DependencyCheck__pr85__AFTER__INSTALL__att1.stdout.txt"", ""C:\\depbot-work\\execution_logs\\janlaan__DependencyCheck__pr85\\janlaan__DependencyCheck__pr85__AFTER__INSTALL__att1.stderr.txt""]",,2026-07-29 03:17:54,[Security] Bump spring-webmvc from 2.5.5 to 5.1.4.RELEASE,2019-01-10 07:12:35,partition1_xlsx
mwarkentin/stats.shrinkray.io,12,flask,0.10.1,1.0.2,pip,e2ce12c0964b5e104154a7e0e59786f6dce0e028,842db65f21ae28d6bbca2850852db897f138f56f,INSTALL,INSTALL,FAIL->FAIL,,0,medium,1,,"[""C:\\depbot-work\\execution_logs\\mwarkentin__stats.shrinkray.io__pr12\\mwarkentin__stats.shrinkray.io__pr12__BEFORE__INSTALL__att1.stdout.txt"", ""C:\\depbot-work\\execution_logs\\mwarkentin__stats.shrinkray.io__pr12\\mwarkentin__stats.shrinkray.io__pr12__BEFORE__INSTALL__att1.stderr.txt"", ""C:\\depbot-work\\execution_logs\\mwarkentin__stats.shrinkray.io__pr12\\mwarkentin__stats.shrinkray.io__pr12__AFTER__INSTALL__att1.stdout.txt"", ""C:\\depbot-work\\execution_logs\\mwarkentin__stats.shrinkray.io__pr12\\mwarkentin__stats.shrinkray.io__pr12__AFTER__INSTALL__att1.stderr.txt""]",,2026-07-29 03:18:04,[Security] Bump flask from 0.10.1 to 1.0.2,2018-08-24 14:42:44,partition1_xlsx
katiayn/pyconbalkan,1,django,1.11.11,2.1,pip,9749011db63078210f0bbfde0b42267749483bd9,1bd29aa023e9e1d8f88ba385b4a543abdcca1227,INSTALL,INSTALL,FAIL->FAIL,,0,medium,1,,"[""C:\\depbot-work\\execution_logs\\katiayn__pyconbalkan__pr1\\katiayn__pyconbalkan__pr1__BEFORE__INSTALL__att1.stdout.txt"", ""C:\\depbot-work\\execution_logs\\katiayn__pyconbalkan__pr1\\katiayn__pyconbalkan__pr1__BEFORE__INSTALL__att1.stderr.txt"", ""C:\\depbot-work\\execution_logs\\katiayn__pyconbalkan__pr1\\katiayn__pyconbalkan__pr1__AFTER__INSTALL__att1.stdout.txt"", ""C:\\depbot-work\\execution_logs\\katiayn__pyconbalkan__pr1\\katiayn__pyconbalkan__pr1__AFTER__INSTALL__att1.stderr.txt""]",,2026-07-29 03:19:05,[Security] Bump django from 1.11.11 to 2.1,2018-08-06 08:01:08,partition1_xlsx
katiayn/pyconbalkan,12,django,1.11.11,2.1.2,pip,9749011db63078210f0bbfde0b42267749483bd9,006dbe8e66b37a067a7882a22126fce899a41e54,INSTALL,INSTALL,FAIL->FAIL,,0,medium,1,,"[""C:\\depbot-work\\execution_logs\\katiayn__pyconbalkan__pr12\\katiayn__pyconbalkan__pr12__BEFORE__INSTALL__att1.stdout.txt"", ""C:\\depbot-work\\execution_logs\\katiayn__pyconbalkan__pr12\\katiayn__pyconbalkan__pr12__BEFORE__INSTALL__att1.stderr.txt"", ""C:\\depbot-work\\execution_logs\\katiayn__pyconbalkan__pr12\\katiayn__pyconbalkan__pr12__AFTER__INSTALL__att1.stdout.txt"", ""C:\\depbot-work\\execution_logs\\katiayn__pyconbalkan__pr12\\katiayn__pyconbalkan__pr12__AFTER__INSTALL__att1.stderr.txt""]",,2026-07-29 03:19:59,[Security] Bump django from 1.11.11 to 2.1.2,2018-10-08 04:48:09,partition1_xlsx
katiayn/pyconbalkan,20,django,1.11.11,2.1.5,pip,9749011db63078210f0bbfde0b42267749483bd9,a2609991bbe674372a488626706b0cab29ef431c,INSTALL,INSTALL,FAIL->FAIL,,0,medium,1,,"[""C:\\depbot-work\\execution_logs\\katiayn__pyconbalkan__pr20\\katiayn__pyconbalkan__pr20__BEFORE__INSTALL__att1.stdout.txt"", ""C:\\depbot-work\\execution_logs\\katiayn__pyconbalkan__pr20\\katiayn__pyconbalkan__pr20__BEFORE__INSTALL__att1.stderr.txt"", ""C:\\depbot-work\\execution_logs\\katiayn__pyconbalkan__pr20\\katiayn__pyconbalkan__pr20__AFTER__INSTALL__att1.stdout.txt"", ""C:\\depbot-work\\execution_logs\\katiayn__pyconbalkan__pr20\\katiayn__pyconbalkan__pr20__AFTER__INSTALL__att1.stderr.txt""]",,2026-07-29 03:21:00,[Security] Bump django from 1.11.11 to 2.1.5,2019-01-07 04:34:01,partition1_xlsx
adaptris/interlok-okhttp,3,log4j2Version,2.8.1,2.11.1,gradle,677556e2d1b46482956cf90e8a1c470cf24df175,682e772992470f9379212fe43c7f789ae6ce00db,INSTALL,INSTALL,FAIL->FAIL,,0,medium,1,,"[""C:\\depbot-work\\execution_logs\\adaptris__interlok-okhttp__pr3\\adaptris__interlok-okhttp__pr3__BEFORE__INSTALL__att1.stdout.txt"", ""C:\\depbot-work\\execution_logs\\adaptris__interlok-okhttp__pr3\\adaptris__interlok-okhttp__pr3__BEFORE__INSTALL__att1.stderr.txt"", ""C:\\depbot-work\\execution_logs\\adaptris__interlok-okhttp__pr3\\adaptris__interlok-okhttp__pr3__AFTER__INSTALL__att1.stdout.txt"", ""C:\\depbot-work\\execution_logs\\adaptris__interlok-okhttp__pr3\\adaptris__interlok-okhttp__pr3__AFTER__INSTALL__att1.stderr.txt""]",,2026-07-29 03:21:01,[Security] Bump log4j2Version from 2.8.1 to 2.11.1,2018-10-09 15:07:04,partition1_xlsx
adaptris/interlok-aws,11,log4j2Version,2.8.1,2.11.1,gradle,a8c90664f98b7e681b47b853c3bb6506927b0a43,8114ce800f763608ec6f5626b772e13d8b172fb3,INSTALL,INSTALL,FAIL->FAIL,,0,medium,1,,"[""C:\\depbot-work\\execution_logs\\adaptris__interlok-aws__pr11\\adaptris__interlok-aws__pr11__BEFORE__INSTALL__att1.stdout.txt"", ""C:\\depbot-work\\execution_logs\\adaptris__interlok-aws__pr11\\adaptris__interlok-aws__pr11__BEFORE__INSTALL__att1.stderr.txt"", ""C:\\depbot-work\\execution_logs\\adaptris__interlok-aws__pr11\\adaptris__interlok-aws__pr11__AFTER__INSTALL__att1.stdout.txt"", ""C:\\depbot-work\\execution_logs\\adaptris__interlok-aws__pr11\\adaptris__interlok-aws__pr11__AFTER__INSTALL__att1.stderr.txt""]",,2026-07-29 03:21:03,[Security] Bump log4j2Version from 2.8.1 to 2.11.1,2018-10-09 14:42:37,partition1_xlsx
gae-init/gae-init-docs,356,webargs,4.1.2,5.1.3,pip,2d9fde1040d5fa06ee361bb9cc5aa5c10432e489,695160a8e1a4c1551d67ec383a4c58c49c84614d,TEST,TEST,FAIL->FAIL,,0,medium,1,,"[""C:\\depbot-work\\execution_logs\\gae-init__gae-init-docs__pr356\\gae-init__gae-init-docs__pr356__BEFORE__INSTALL__att1.stdout.txt"", ""C:\\depbot-work\\execution_logs\\gae-init__gae-init-docs__pr356\\gae-init__gae-init-docs__pr356__BEFORE__TEST__att1.stdout.txt"", ""C:\\depbot-work\\execution_logs\\gae-init__gae-init-docs__pr356\\gae-init__gae-init-docs__pr356__BEFORE__INSTALL__att1.stderr.txt"", ""C:\\depbot-work\\execution_logs\\gae-init__gae-init-docs__pr356\\gae-init__gae-init-docs__pr356__BEFORE__TEST__att1.stderr.txt"", ""C:\\depbot-work\\execution_logs\\gae-init__gae-init-docs__pr356\\gae-init__gae-init-docs__pr356__AFTER__INSTALL__att1.stdout.txt"", ""C:\\depbot-work\\execution_logs\\gae-init__gae-init-docs__pr356\\gae-init__gae-init-docs__pr356__AFTER__TEST__att1.stdout.txt"", ""C:\\depbot-work\\execution_logs\\gae-init__gae-init-docs__pr356\\gae-init__gae-init-docs__pr356__AFTER__INSTALL__att1.stderr.txt"", ""C:\\depbot-work\\execution_logs\\gae-init__gae-init-docs__pr356\\gae-init__gae-init-docs__pr356__AFTER__TEST__att1.stderr.txt""]",,2026-07-29 03:21:15,[Security] Bump webargs from 4.1.2 to 5.1.3,2019-03-11 17:54:26,partition1_xlsx
gae-init/gae-init-docs,358,webargs,4.1.2,5.2.0,pip,2d9fde1040d5fa06ee361bb9cc5aa5c10432e489,223a5f2fef8cff8c4d89a40d56c72fec1b8597f5,TEST,TEST,FAIL->FAIL,,0,medium,1,,"[""C:\\depbot-work\\execution_logs\\gae-init__gae-init-docs__pr358\\gae-init__gae-init-docs__pr358__BEFORE__INSTALL__att1.stdout.txt"", ""C:\\depbot-work\\execution_logs\\gae-init__gae-init-docs__pr358\\gae-init__gae-init-docs__pr358__BEFORE__TEST__att1.stdout.txt"", ""C:\\depbot-work\\execution_logs\\gae-init__gae-init-docs__pr358\\gae-init__gae-init-docs__pr358__BEFORE__INSTALL__att1.stderr.txt"", ""C:\\depbot-work\\execution_logs\\gae-init__gae-init-docs__pr358\\gae-init__gae-init-docs__pr358__BEFORE__TEST__att1.stderr.txt"", ""C:\\depbot-work\\execution_logs\\gae-init__gae-init-docs__pr358\\gae-init__gae-init-docs__pr358__AFTER__INSTALL__att1.stdout.txt"", ""C:\\depbot-work\\execution_logs\\gae-init__gae-init-docs__pr358\\gae-init__gae-init-docs__pr358__AFTER__TEST__att1.stdout.txt"", ""C:\\depbot-work\\execution_logs\\gae-init__gae-init-docs__pr358\\gae-init__gae-init-docs__pr358__AFTER__INSTALL__att1.stderr.txt"", ""C:\\depbot-work\\execution_logs\\gae-init__gae-init-docs__pr358\\gae-init__gae-init-docs__pr358__AFTER__TEST__att1.stderr.txt""]",,2026-07-29 03:21:25,[Security] Bump webargs from 4.1.2 to 5.2.0,2019-03-16 19:44:14,partition1_xlsx
glovguy/flask-chat-bots,209,django,1.10.4,1.11.20,pip,2383e9d63fc53882589b8898d58ea9a0c9e6a80d,5341ddb59b4d9b8c074dcf0a2375fff8612d1abb,INSTALL,INSTALL,FAIL->FAIL,,0,medium,1,,"[""C:\\depbot-work\\execution_logs\\glovguy__flask-chat-bots__pr209\\glovguy__flask-chat-bots__pr209__BEFORE__INSTALL__att1.stdout.txt"", ""C:\\depbot-work\\execution_logs\\glovguy__flask-chat-bots__pr209\\glovguy__flask-chat-bots__pr209__BEFORE__INSTALL__att1.stderr.txt"", ""C:\\depbot-work\\execution_logs\\glovguy__flask-chat-bots__pr209\\glovguy__flask-chat-bots__pr209__AFTER__INSTALL__att1.stdout.txt"", ""C:\\depbot-work\\execution_logs\\glovguy__flask-chat-bots__pr209\\glovguy__flask-chat-bots__pr209__AFTER__INSTALL__att1.stderr.txt""]",,2026-07-29 03:21:50,[Security] Bump django from 1.10.4 to 1.11.20,2019-05-01 10:12:13,partition1_xlsx
kirushik/critical_chain,75,rails,4.2.10,5.2.0,gem,12b2244bc9b26b59456d8e754e5e2e3cd57589b9,d5fe5f0b9ca7cab7690583023ce6ebf5a86fb63d,INSTALL,INSTALL,FAIL->FAIL,,0,medium,1,,"[""C:\\depbot-work\\execution_logs\\kirushik__critical_chain__pr75\\kirushik__critical_chain__pr75__BEFORE__INSTALL__att1.stdout.txt"", ""C:\\depbot-work\\execution_logs\\kirushik__critical_chain__pr75\\kirushik__critical_chain__pr75__BEFORE__INSTALL__att1.stderr.txt"", ""C:\\depbot-work\\execution_logs\\kirushik__critical_chain__pr75\\kirushik__critical_chain__pr75__AFTER__INSTALL__att1.stdout.txt"", ""C:\\depbot-work\\execution_logs\\kirushik__critical_chain__pr75\\kirushik__critical_chain__pr75__AFTER__INSTALL__att1.stderr.txt""]",,2026-07-29 03:21:52,[Security] Bump rails from 4.2.10 to 5.2.0,2018-04-16 04:20:15,partition1_xlsx
michelin/suricate,14,org.hibernate:hibernate-search-orm,5.5.4.Final,5.9.0.Final,maven,ca8f55b2da03e65c0c6e870f438cdc3083519557,fadb7e90f512eec9bd25250af961f0f9a99e5ccb,INSTALL,INSTALL,FAIL->FAIL,,0,medium,1,,"[""C:\\depbot-work\\execution_logs\\michelin__suricate__pr14\\michelin__suricate__pr14__BEFORE__INSTALL__att1.stdout.txt"", ""C:\\depbot-work\\execution_logs\\michelin__suricate__pr14\\michelin__suricate__pr14__BEFORE__INSTALL__att1.stderr.txt"", ""C:\\depbot-work\\execution_logs\\michelin__suricate__pr14\\michelin__suricate__pr14__AFTER__INSTALL__att1.stdout.txt"", ""C:\\depbot-work\\execution_logs\\michelin__suricate__pr14\\michelin__suricate__pr14__AFTER__INSTALL__att1.stderr.txt""]",,2026-07-29 03:21:56,Bump org.hibernate:hibernate-search-orm from 5.5.4.Final to 5.9.0.Final in /backend,2018-02-13 07:11:55,partition1_xlsx
ucsdlib/billing-ill,145,rails,4.2.7.1,5.1.4,gem,81102094e217787dcc28ce3e28c0ff428360e88a,502c09867a474414562614fcdcdd105c0a51140c,INSTALL,INSTALL,FAIL->FAIL,,0,medium,1,,"[""C:\\depbot-work\\execution_logs\\ucsdlib__billing-ill__pr145\\ucsdlib__billing-ill__pr145__BEFORE__INSTALL__att1.stdout.txt"", ""C:\\depbot-work\\execution_logs\\ucsdlib__billing-ill__pr145\\ucsdlib__billing-ill__pr145__BEFORE__INSTALL__att1.stderr.txt"", ""C:\\depbot-work\\execution_logs\\ucsdlib__billing-ill__pr145\\ucsdlib__billing-ill__pr145__AFTER__INSTALL__att1.stdout.txt"", ""C:\\depbot-work\\execution_logs\\ucsdlib__billing-ill__pr145\\ucsdlib__billing-ill__pr145__AFTER__INSTALL__att1.stderr.txt""]",,2026-07-29 03:21:58,[security] chore(dependencies): Bump rails from 4.2.7.1 to 5.1.4,2018-01-04 07:23:47,partition1_xlsx
wearefuturegov/total_transport,28,jquery-ui-rails,5.0.5,6.0.1,gem,9d2afe88e5f49e4c5183d1a4bdb90a0466fc7ba6,bc8fa0af2caebe1204e8002cec6a13821107f044,INSTALL,INSTALL,FAIL->FAIL,,0,medium,1,,"[""C:\\depbot-work\\execution_logs\\wearefuturegov__total_transport__pr28\\wearefuturegov__total_transport__pr28__BEFORE__INSTALL__att1.stdout.txt"", ""C:\\depbot-work\\execution_logs\\wearefuturegov__total_transport__pr28\\wearefuturegov__total_transport__pr28__BEFORE__INSTALL__att1.stderr.txt"", ""C:\\depbot-work\\execution_logs\\wearefuturegov__total_transport__pr28\\wearefuturegov__total_transport__pr28__AFTER__INSTALL__att1.stdout.txt"", ""C:\\depbot-work\\execution_logs\\wearefuturegov__total_transport__pr28\\wearefuturegov__total_transport__pr28__AFTER__INSTALL__att1.stderr.txt""]",,2026-07-29 03:22:01,[Security] Bump jquery-ui-rails from 5.0.5 to 6.0.1,2017-10-02 07:10:11,partition1_xlsx
AdonisOkpidi/WebGoat,7,scala-compiler,2.11.7,2.12.6,maven,3536fd0b6daf61042d4f2cd2f2b354a1c219c311,1c6f034eb1a5e103b886d44f6ccede2f739fff1e,INSTALL,INSTALL,FAIL->FAIL,,0,medium,1,,"[""C:\\depbot-work\\execution_logs\\AdonisOkpidi__WebGoat__pr7\\AdonisOkpidi__WebGoat__pr7__BEFORE__INSTALL__att1.stdout.txt"", ""C:\\depbot-work\\execution_logs\\AdonisOkpidi__WebGoat__pr7\\AdonisOkpidi__WebGoat__pr7__BEFORE__INSTALL__att1.stderr.txt"", ""C:\\depbot-work\\execution_logs\\AdonisOkpidi__WebGoat__pr7\\AdonisOkpidi__WebGoat__pr7__AFTER__INSTALL__att1.stdout.txt"", ""C:\\depbot-work\\execution_logs\\AdonisOkpidi__WebGoat__pr7\\AdonisOkpidi__WebGoat__pr7__AFTER__INSTALL__att1.stderr.txt""]",,2026-07-29 03:22:09,[Security] Bump scala-compiler from 2.11.7 to 2.12.6,2018-09-03 19:32:42,partition1_xlsx
seanwiseman/django-easy-auth,14,django,2.0.1,2.1.1,pip,3d15a948da1c08ff9cec98d00f219d124a014cf4,d2530aadbd2e7621478d75e8c5d1b6c20b07ce11,TEST,TEST,FAIL->FAIL,,0,medium,1,,"[""C:\\depbot-work\\execution_logs\\seanwiseman__django-easy-auth__pr14\\seanwiseman__django-easy-auth__pr14__BEFORE__INSTALL__att1.stdout.txt"", ""C:\\depbot-work\\execution_logs\\seanwiseman__django-easy-auth__pr14\\seanwiseman__django-easy-auth__pr14__BEFORE__TEST__att1.stdout.txt"", ""C:\\depbot-work\\execution_logs\\seanwiseman__django-easy-auth__pr14\\seanwiseman__django-easy-auth__pr14__BEFORE__INSTALL__att1.stderr.txt"", ""C:\\depbot-work\\execution_logs\\seanwiseman__django-easy-auth__pr14\\seanwiseman__django-easy-auth__pr14__BEFORE__TEST__att1.stderr.txt"", ""C:\\depbot-work\\execution_logs\\seanwiseman__django-easy-auth__pr14\\seanwiseman__django-easy-auth__pr14__AFTER__INSTALL__att1.stdout.txt"", ""C:\\depbot-work\\execution_logs\\seanwiseman__django-easy-auth__pr14\\seanwiseman__django-easy-auth__pr14__AFTER__TEST__att1.stdout.txt"", ""C:\\depbot-work\\execution_logs\\seanwiseman__django-easy-auth__pr14\\seanwiseman__django-easy-auth__pr14__AFTER__INSTALL__att1.stderr.txt"", ""C:\\depbot-work\\execution_logs\\seanwiseman__django-easy-auth__pr14\\seanwiseman__django-easy-auth__pr14__AFTER__TEST__att1.stderr.txt""]",,2026-07-29 03:23:37,[Security] Bump django from 2.0.1 to 2.1.1,2018-09-03 06:43:32,partition1_xlsx
seanwiseman/django-easy-auth,18,django,2.0.1,2.1.5,pip,3d15a948da1c08ff9cec98d00f219d124a014cf4,74f802a2d86849d4ec37257c7f2adde67cce5e53,TEST,TEST,FAIL->FAIL,,0,medium,1,,"[""C:\\depbot-work\\execution_logs\\seanwiseman__django-easy-auth__pr18\\seanwiseman__django-easy-auth__pr18__BEFORE__INSTALL__att1.stdout.txt"", ""C:\\depbot-work\\execution_logs\\seanwiseman__django-easy-auth__pr18\\seanwiseman__django-easy-auth__pr18__BEFORE__TEST__att1.stdout.txt"", ""C:\\depbot-work\\execution_logs\\seanwiseman__django-easy-auth__pr18\\seanwiseman__django-easy-auth__pr18__BEFORE__INSTALL__att1.stderr.txt"", ""C:\\depbot-work\\execution_logs\\seanwiseman__django-easy-auth__pr18\\seanwiseman__django-easy-auth__pr18__BEFORE__TEST__att1.stderr.txt"", ""C:\\depbot-work\\execution_logs\\seanwiseman__django-easy-auth__pr18\\seanwiseman__django-easy-auth__pr18__AFTER__INSTALL__att1.stdout.txt"", ""C:\\depbot-work\\execution_logs\\seanwiseman__django-easy-auth__pr18\\seanwiseman__django-easy-auth__pr18__AFTER__TEST__att1.stdout.txt"", ""C:\\depbot-work\\execution_logs\\seanwiseman__django-easy-auth__pr18\\seanwiseman__django-easy-auth__pr18__AFTER__INSTALL__att1.stderr.txt"", ""C:\\depbot-work\\execution_logs\\seanwiseman__django-easy-auth__pr18\\seanwiseman__django-easy-auth__pr18__AFTER__TEST__att1.stderr.txt""]",,2026-07-29 03:24:52,[Security] Bump django from 2.0.1 to 2.1.5,2019-01-07 07:01:38,partition1_xlsx
Squalex/life,32,django,2.0.1,2.1.1,pip,3235890146841f68b1005acb4cfd167567bda7b2,4273d5f1ae516ac153dacfb3a6ba119a1f6013f3,INSTALL,INSTALL,FAIL->FAIL,,0,medium,1,,"[""C:\\depbot-work\\execution_logs\\Squalex__life__pr32\\Squalex__life__pr32__BEFORE__INSTALL__att1.stdout.txt"", ""C:\\depbot-work\\execution_logs\\Squalex__life__pr32\\Squalex__life__pr32__BEFORE__INSTALL__att1.stderr.txt"", ""C:\\depbot-work\\execution_logs\\Squalex__life__pr32\\Squalex__life__pr32__AFTER__INSTALL__att1.stdout.txt"", ""C:\\depbot-work\\execution_logs\\Squalex__life__pr32\\Squalex__life__pr32__AFTER__INSTALL__att1.stderr.txt""]",,2026-07-29 03:25:13,[Security] Bump django from 2.0.1 to 2.1.1,2018-09-03 06:34:37,partition1_xlsx
Squalex/life,47,django,2.0.1,2.1.5,pip,3235890146841f68b1005acb4cfd167567bda7b2,444d0965a0468108de800e74f9ed1316fec0fc81,INSTALL,INSTALL,FAIL->FAIL,,0,medium,1,,"[""C:\\depbot-work\\execution_logs\\Squalex__life__pr47\\Squalex__life__pr47__BEFORE__INSTALL__att1.stdout.txt"", ""C:\\depbot-work\\execution_logs\\Squalex__life__pr47\\Squalex__life__pr47__BEFORE__INSTALL__att1.stderr.txt"", ""C:\\depbot-work\\execution_logs\\Squalex__life__pr47\\Squalex__life__pr47__AFTER__INSTALL__att1.stdout.txt"", ""C:\\depbot-work\\execution_logs\\Squalex__life__pr47\\Squalex__life__pr47__AFTER__INSTALL__att1.stderr.txt""]",,2026-07-29 03:25:31,[Security] Bump django from 2.0.1 to 2.1.5,2019-01-07 06:26:06,partition1_xlsx
Rotendahl/DormitoryLife,37,django,2.0.2,2.1.1,pip,3ccc72573fdf3763bb7ab2c50ab23d9cf2920296,6571688aec57473c3079255d47c5ce030ff1c98f,INSTALL,INSTALL,FAIL->FAIL,,0,medium,1,,"[""C:\\depbot-work\\execution_logs\\Rotendahl__DormitoryLife__pr37\\Rotendahl__DormitoryLife__pr37__BEFORE__INSTALL__att1.stdout.txt"", ""C:\\depbot-work\\execution_logs\\Rotendahl__DormitoryLife__pr37\\Rotendahl__DormitoryLife__pr37__BEFORE__INSTALL__att1.stderr.txt"", ""C:\\depbot-work\\execution_logs\\Rotendahl__DormitoryLife__pr37\\Rotendahl__DormitoryLife__pr37__AFTER__INSTALL__att1.stdout.txt"", ""C:\\depbot-work\\execution_logs\\Rotendahl__DormitoryLife__pr37\\Rotendahl__DormitoryLife__pr37__AFTER__INSTALL__att1.stderr.txt""]",,2026-07-29 03:25:57,[Security] Bump django from 2.0.2 to 2.1.1,2018-09-03 04:14:57,partition1_xlsx
Rotendahl/DormitoryLife,36,django,2.0.2,2.1,pip,3ccc72573fdf3763bb7ab2c50ab23d9cf2920296,79e68d98b365eb11563ccf169f3ed4762bf04595,INSTALL,INSTALL,FAIL->FAIL,,0,medium,1,,"[""C:\\depbot-work\\execution_logs\\Rotendahl__DormitoryLife__pr36\\Rotendahl__DormitoryLife__pr36__BEFORE__INSTALL__att1.stdout.txt"", ""C:\\depbot-work\\execution_logs\\Rotendahl__DormitoryLife__pr36\\Rotendahl__DormitoryLife__pr36__BEFORE__INSTALL__att1.stderr.txt"", ""C:\\depbot-work\\execution_logs\\Rotendahl__DormitoryLife__pr36\\Rotendahl__DormitoryLife__pr36__AFTER__INSTALL__att1.stdout.txt"", ""C:\\depbot-work\\execution_logs\\Rotendahl__DormitoryLife__pr36\\Rotendahl__DormitoryLife__pr36__AFTER__INSTALL__att1.stderr.txt""]",,2026-07-29 03:26:13,[Security] Bump django from 2.0.2 to 2.1,2018-08-30 04:14:04,partition1_xlsx
risdenk/YCSB,63,jackson-databind,2.2.2,2.9.6,maven,a9ad5b6f27c5b8cd9af7b97dc14d5fd4c4c98280,01075efa2b6187900a0de34bf117ee1cb0d8319b,INSTALL,INSTALL,FAIL->FAIL,,0,medium,1,,"[""C:\\depbot-work\\execution_logs\\risdenk__YCSB__pr63\\risdenk__YCSB__pr63__BEFORE__INSTALL__att1.stdout.txt"", ""C:\\depbot-work\\execution_logs\\risdenk__YCSB__pr63\\risdenk__YCSB__pr63__BEFORE__INSTALL__att1.stderr.txt"", ""C:\\depbot-work\\execution_logs\\risdenk__YCSB__pr63\\risdenk__YCSB__pr63__AFTER__INSTALL__att1.stdout.txt"", ""C:\\depbot-work\\execution_logs\\risdenk__YCSB__pr63\\risdenk__YCSB__pr63__AFTER__INSTALL__att1.stderr.txt""]",,2026-07-29 03:26:18,[Security] Bump jackson-databind from 2.2.2 to 2.9.6,2018-09-01 20:06:54,partition1_xlsx
risdenk/calcite,11,scala-library,2.10.3,2.12.6,maven,6a22cc25f9f7d083f30ff361d8c907f4d6173737,f6d66b57b178131d98e720592916b687f1da7c5b,INSTALL,INSTALL,FAIL->FAIL,,0,medium,1,,"[""C:\\depbot-work\\execution_logs\\risdenk__calcite__pr11\\risdenk__calcite__pr11__BEFORE__INSTALL__att1.stdout.txt"", ""C:\\depbot-work\\execution_logs\\risdenk__calcite__pr11\\risdenk__calcite__pr11__BEFORE__INSTALL__att1.stderr.txt"", ""C:\\depbot-work\\execution_logs\\risdenk__calcite__pr11\\risdenk__calcite__pr11__AFTER__INSTALL__att1.stdout.txt"", ""C:\\depbot-work\\execution_logs\\risdenk__calcite__pr11\\risdenk__calcite__pr11__AFTER__INSTALL__att1.stderr.txt""]",,2026-07-29 03:26:27,[Security] Bump scala-library from 2.10.3 to 2.12.6,2018-09-01 14:53:10,partition1_xlsx
risdenk/calcite,10,xercesImpl,2.9.1,2.12.0,maven,ed5cfb0bee5b548ae385e936fd222e6075d3fb6a,7370feb772b88b1ee586197f0d8195af87d441cf,INSTALL,INSTALL,FAIL->FAIL,,0,medium,1,,"[""C:\\depbot-work\\execution_logs\\risdenk__calcite__pr10\\risdenk__calcite__pr10__BEFORE__INSTALL__att1.stdout.txt"", ""C:\\depbot-work\\execution_logs\\risdenk__calcite__pr10\\risdenk__calcite__pr10__BEFORE__INSTALL__att1.stderr.txt"", ""C:\\depbot-work\\execution_logs\\risdenk__calcite__pr10\\risdenk__calcite__pr10__AFTER__INSTALL__att1.stdout.txt"", ""C:\\depbot-work\\execution_logs\\risdenk__calcite__pr10\\risdenk__calcite__pr10__AFTER__INSTALL__att1.stderr.txt""]",,2026-07-29 03:26:38,[Security] Bump xercesImpl from 2.9.1 to 2.12.0,2018-09-01 14:53:07,partition1_xlsx
risdenk/calcite,140,geode-core,1.6.0,1.9.0,maven,ed5cfb0bee5b548ae385e936fd222e6075d3fb6a,c07cce22e324f7d30588f7a59fb4f02a2a8d2794,INSTALL,INSTALL,FAIL->FAIL,,0,medium,1,,"[""C:\\depbot-work\\execution_logs\\risdenk__calcite__pr140\\risdenk__calcite__pr140__BEFORE__INSTALL__att1.stdout.txt"", ""C:\\depbot-work\\execution_logs\\risdenk__calcite__pr140\\risdenk__calcite__pr140__BEFORE__INSTALL__att1.stderr.txt"", ""C:\\depbot-work\\execution_logs\\risdenk__calcite__pr140\\risdenk__calcite__pr140__AFTER__INSTALL__att1.stdout.txt"", ""C:\\depbot-work\\execution_logs\\risdenk__calcite__pr140\\risdenk__calcite__pr140__AFTER__INSTALL__att1.stderr.txt""]",,2026-07-29 03:26:48,[Security] Bump geode-core from 1.6.0 to 1.9.0,2019-04-29 11:26:44,partition1_xlsx
risdenk/knox,3,jetty-version,9.2.15.v20160210,9.4.12.v20180830,maven,28a77b7273d2b4515ee2f8898d70e6a380c57144,fc0d26fc6b0210d433ecab5aa111d255810d8426,INSTALL,INSTALL,FAIL->FAIL,,0,medium,1,,"[""C:\\depbot-work\\execution_logs\\risdenk__knox__pr3\\risdenk__knox__pr3__BEFORE__INSTALL__att1.stdout.txt"", ""C:\\depbot-work\\execution_logs\\risdenk__knox__pr3\\risdenk__knox__pr3__BEFORE__INSTALL__att1.stderr.txt"", ""C:\\depbot-work\\execution_logs\\risdenk__knox__pr3\\risdenk__knox__pr3__AFTER__INSTALL__att1.stdout.txt"", ""C:\\depbot-work\\execution_logs\\risdenk__knox__pr3\\risdenk__knox__pr3__AFTER__INSTALL__att1.stderr.txt""]",,2026-07-29 03:26:59,[Security] Bump jetty-version from 9.2.15.v20160210 to 9.4.12.v20180830,2018-09-01 14:53:27,partition1_xlsx
risdenk/knox,255,jackson.version,2.9.9,2.10.0.pr1,maven,30446bf80fefaa934d7f41d934208252cd9da53b,bd71d2740bf6e6195d438f1647fa9ec347dca88e,INSTALL,INSTALL,FAIL->FAIL,,0,medium,1,,"[""C:\\depbot-work\\execution_logs\\risdenk__knox__pr255\\risdenk__knox__pr255__BEFORE__INSTALL__att1.stdout.txt"", ""C:\\depbot-work\\execution_logs\\risdenk__knox__pr255\\risdenk__knox__pr255__BEFORE__INSTALL__att1.stderr.txt"", ""C:\\depbot-work\\execution_logs\\risdenk__knox__pr255\\risdenk__knox__pr255__AFTER__INSTALL__att1.stdout.txt"", ""C:\\depbot-work\\execution_logs\\risdenk__knox__pr255\\risdenk__knox__pr255__AFTER__INSTALL__att1.stderr.txt""]",,2026-07-29 03:27:10,[Security] Bump jackson.version from 2.9.9 to 2.10.0.pr1,2019-07-19 11:13:00,partition1_xlsx
ucsdlib/damspas,631,devise,3.5.6,4.6.0,gem,10988202128e8f0d8a8a60661da39b600e5dcbe2,af1ebbc1ab6ce3029d99b1d6eb5a4a64b6ce9714,UNRUNNABLE,UNRUNNABLE,UNRUNNABLE,,0,medium,1,,[],,2026-07-29 03:27:39,[Security] Bump devise from 3.5.6 to 4.6.0,2019-05-10 21:04:53,partition1_xlsx
openfoodfoundation/openfoodnetwork,2596,haml,4.0.4,5.0.4,unknown,44faa116db23a6591fccafe62d185fd6fc450ba7,f77a7fdb92e5d971190a9ed19e95d409ac7adc2b,UNRUNNABLE,UNRUNNABLE,UNRUNNABLE,,0,medium,1,,[],,2026-07-29 03:27:57,[Security] Bump haml from 4.0.4 to 5.0.4,2018-08-27 19:19:10,partition1_xlsx
devights/CarterScraper,14,django,1.7,1.11.20,pip,7a98e9683d658d76096b115721a110b58f380b87,428ca982ab9f68f056bdce44f25de8909961f9f6,INSTALL,INSTALL,FAIL->FAIL,,0,medium,1,,"[""C:\\depbot-work\\execution_logs\\devights__CarterScraper__pr14\\devights__CarterScraper__pr14__BEFORE__INSTALL__att1.stdout.txt"", ""C:\\depbot-work\\execution_logs\\devights__CarterScraper__pr14\\devights__CarterScraper__pr14__BEFORE__INSTALL__att1.stderr.txt"", ""C:\\depbot-work\\execution_logs\\devights__CarterScraper__pr14\\devights__CarterScraper__pr14__AFTER__INSTALL__att1.stdout.txt"", ""C:\\depbot-work\\execution_logs\\devights__CarterScraper__pr14\\devights__CarterScraper__pr14__AFTER__INSTALL__att1.stderr.txt""]",,2026-07-29 03:28:16,[Security] Bump django from 1.7 to 1.11.20,2019-05-01 13:11:28,partition1_xlsx
janlaan/DependencyCheck,77,struts2-core,2.1.2,2.5.17,maven,11cb713238ebdafa2f37e91564b371c8e805a3a5,7ec7f7d7d124f3cb326fb213a8ff5fd95efd6f5d,INSTALL,INSTALL,FAIL->FAIL,,0,medium,1,,"[""C:\\depbot-work\\execution_logs\\janlaan__DependencyCheck__pr77\\janlaan__DependencyCheck__pr77__BEFORE__INSTALL__att1.stdout.txt"", ""C:\\depbot-work\\execution_logs\\janlaan__DependencyCheck__pr77\\janlaan__DependencyCheck__pr77__BEFORE__INSTALL__att1.stderr.txt"", ""C:\\depbot-work\\execution_logs\\janlaan__DependencyCheck__pr77\\janlaan__DependencyCheck__pr77__AFTER__INSTALL__att1.stdout.txt"", ""C:\\depbot-work\\execution_logs\\janlaan__DependencyCheck__pr77\\janlaan__DependencyCheck__pr77__AFTER__INSTALL__att1.stderr.txt""]",,2026-07-29 03:28:40,[Security] Bump struts2-core from 2.1.2 to 2.5.17,2018-08-29 20:20:43,partition1_xlsx
mwarkentin/stats.shrinkray.io,7,gunicorn,19.3.0,19.9.0,pip,278e3dcaaa199ce7b23fa57dbd88806b4fab487f,0c78e4612d3e1f41c4e635895df9f91227ddff73,INSTALL,INSTALL,FAIL->FAIL,,0,medium,1,,"[""C:\\depbot-work\\execution_logs\\mwarkentin__stats.shrinkray.io__pr7\\mwarkentin__stats.shrinkray.io__pr7__BEFORE__INSTALL__att1.stdout.txt"", ""C:\\depbot-work\\execution_logs\\mwarkentin__stats.shrinkray.io__pr7\\mwarkentin__stats.shrinkray.io__pr7__BEFORE__INSTALL__att1.stderr.txt"", ""C:\\depbot-work\\execution_logs\\mwarkentin__stats.shrinkray.io__pr7\\mwarkentin__stats.shrinkray.io__pr7__AFTER__INSTALL__att1.stdout.txt"", ""C:\\depbot-work\\execution_logs\\mwarkentin__stats.shrinkray.io__pr7\\mwarkentin__stats.shrinkray.io__pr7__AFTER__INSTALL__att1.stderr.txt""]",,2026-07-29 03:28:51,[Security] Bump gunicorn from 19.3.0 to 19.9.0,2018-08-24 02:30:10,partition1_xlsx
mwarkentin/stats.shrinkray.io,39,flask,0.10.1,0.12.3,pip,278e3dcaaa199ce7b23fa57dbd88806b4fab487f,131983d1bcfab8a03bc1b916cbccaad80f08fe18,INSTALL,INSTALL,FAIL->FAIL,,0,medium,1,,"[""C:\\depbot-work\\execution_logs\\mwarkentin__stats.shrinkray.io__pr39\\mwarkentin__stats.shrinkray.io__pr39__BEFORE__INSTALL__att1.stdout.txt"", ""C:\\depbot-work\\execution_logs\\mwarkentin__stats.shrinkray.io__pr39\\mwarkentin__stats.shrinkray.io__pr39__BEFORE__INSTALL__att1.stderr.txt"", ""C:\\depbot-work\\execution_logs\\mwarkentin__stats.shrinkray.io__pr39\\mwarkentin__stats.shrinkray.io__pr39__AFTER__INSTALL__att1.stdout.txt"", ""C:\\depbot-work\\execution_logs\\mwarkentin__stats.shrinkray.io__pr39\\mwarkentin__stats.shrinkray.io__pr39__AFTER__INSTALL__att1.stderr.txt""]",,2026-07-29 03:29:00,[Security] Bump flask from 0.10.1 to 0.12.3,2019-05-20 10:57:17,partition1_xlsx
mwarkentin/stats.shrinkray.io,46,werkzeug,0.10.4,0.15.5,pip,278e3dcaaa199ce7b23fa57dbd88806b4fab487f,fa1b504fa60ec84d2755f8de75d1dbfd838d67ca,INSTALL,INSTALL,FAIL->FAIL,,0,medium,1,,"[""C:\\depbot-work\\execution_logs\\mwarkentin__stats.shrinkray.io__pr46\\mwarkentin__stats.shrinkray.io__pr46__BEFORE__INSTALL__att1.stdout.txt"", ""C:\\depbot-work\\execution_logs\\mwarkentin__stats.shrinkray.io__pr46\\mwarkentin__stats.shrinkray.io__pr46__BEFORE__INSTALL__att1.stderr.txt"", ""C:\\depbot-work\\execution_logs\\mwarkentin__stats.shrinkray.io__pr46\\mwarkentin__stats.shrinkray.io__pr46__AFTER__INSTALL__att1.stdout.txt"", ""C:\\depbot-work\\execution_logs\\mwarkentin__stats.shrinkray.io__pr46\\mwarkentin__stats.shrinkray.io__pr46__AFTER__INSTALL__att1.stderr.txt""]",,2026-07-29 03:29:11,[Security] Bump werkzeug from 0.10.4 to 0.15.5,2019-07-22 11:16:00,partition1_xlsx
venetucci/giveback,67,uglifier,2.7.1,4.1.14,unknown,5967d97fb1b5d05c1ab42f41e14707adbccbb9af,ac8b3762753661f081ec95fa6c3ab49c4778c7c1,UNRUNNABLE,UNRUNNABLE,UNRUNNABLE,,0,medium,1,,[],,2026-07-29 03:29:35,[Security] Bump uglifier from 2.7.1 to 4.1.14,2018-07-03 13:20:39,partition1_xlsx
codebar/planner,1010,jquery-rails,3.1.4,4.3.5,unknown,db349cad83e8b02088ac9b0c1ddb311b8e611b29,39de2d060dcce2bf7e9ab1bd747230e05508a882,UNRUNNABLE,UNRUNNABLE,UNRUNNABLE,,0,medium,1,,[],,2026-07-29 03:29:41,[Security] Bump jquery-rails from 3.1.4 to 4.3.5,2019-07-15 08:06:00,partition1_xlsx
adaptris/interlok-exec,3,log4j-core,2.8.1,2.11.1,gradle,5c748000aa9d7b1831ccdb71a934954bf13e82a6,37d8c0d30f9b0ebe4146c021fe3a9b9456a05087,INSTALL,INSTALL,FAIL->FAIL,,0,medium,1,,"[""C:\\depbot-work\\execution_logs\\adaptris__interlok-exec__pr3\\adaptris__interlok-exec__pr3__BEFORE__INSTALL__att1.stdout.txt"", ""C:\\depbot-work\\execution_logs\\adaptris__interlok-exec__pr3\\adaptris__interlok-exec__pr3__BEFORE__INSTALL__att1.stderr.txt"", ""C:\\depbot-work\\execution_logs\\adaptris__interlok-exec__pr3\\adaptris__interlok-exec__pr3__AFTER__INSTALL__att1.stdout.txt"", ""C:\\depbot-work\\execution_logs\\adaptris__interlok-exec__pr3\\adaptris__interlok-exec__pr3__AFTER__INSTALL__att1.stderr.txt""]",,2026-07-29 03:29:43,[Security] Bump log4j-core from 2.8.1 to 2.11.1,2018-10-11 15:07:01,partition1_xlsx
adaptris/interlok-aws,10,log4j-core,2.8.1,2.11.1,gradle,1988db04600d71a33a39cc089f43ffd9bd139ba9,7d264eb150f61fe51155c6391fc273a00031a75f,INSTALL,INSTALL,FAIL->FAIL,,0,medium,1,,"[""C:\\depbot-work\\execution_logs\\adaptris__interlok-aws__pr10\\adaptris__interlok-aws__pr10__BEFORE__INSTALL__att1.stdout.txt"", ""C:\\depbot-work\\execution_logs\\adaptris__interlok-aws__pr10\\adaptris__interlok-aws__pr10__BEFORE__INSTALL__att1.stderr.txt"", ""C:\\depbot-work\\execution_logs\\adaptris__interlok-aws__pr10\\adaptris__interlok-aws__pr10__AFTER__INSTALL__att1.stdout.txt"", ""C:\\depbot-work\\execution_logs\\adaptris__interlok-aws__pr10\\adaptris__interlok-aws__pr10__AFTER__INSTALL__att1.stderr.txt""]",,2026-07-29 03:29:46,[Security] Bump log4j-core from 2.8.1 to 2.11.1,2018-10-09 05:40:07,partition1_xlsx
pyprism/Hiren-Vault,153,django,2.1.7,2.2.2,pip,04f5f2b3b0e4b4caab43953acfd9021d51108388,e2b77c3737a4e03f8ebd362b9a3f9455b8ace6ea,UNRUNNABLE,UNRUNNABLE,UNRUNNABLE,,0,medium,1,,[],,2026-07-29 03:29:47,[Security] Bump django from 2.1.7 to 2.2.2,2019-06-03 13:54:27,partition1_xlsx
adaptris/interlok-es-rest,16,log4j-core,2.8.1,2.11.1,gradle,c5bea598428f67bea3bac4480e272d197c2f53bf,001f38a444e29883aad3ad35bf9742cd3dfaad12,INSTALL,INSTALL,FAIL->FAIL,,0,medium,1,,"[""C:\\depbot-work\\execution_logs\\adaptris__interlok-es-rest__pr16\\adaptris__interlok-es-rest__pr16__BEFORE__INSTALL__att1.stdout.txt"", ""C:\\depbot-work\\execution_logs\\adaptris__interlok-es-rest__pr16\\adaptris__interlok-es-rest__pr16__BEFORE__INSTALL__att1.stderr.txt"", ""C:\\depbot-work\\execution_logs\\adaptris__interlok-es-rest__pr16\\adaptris__interlok-es-rest__pr16__AFTER__INSTALL__att1.stdout.txt"", ""C:\\depbot-work\\execution_logs\\adaptris__interlok-es-rest__pr16\\adaptris__interlok-es-rest__pr16__AFTER__INSTALL__att1.stderr.txt""]",,2026-07-29 03:29:54,[Security] Bump log4j-core from 2.8.1 to 2.11.1,2018-10-09 05:37:14,partition1_xlsx
Resurfed/timer-api,26,django,2.0.5,2.1.2,pip,6e6509213f4cba778d8f7cb66f77f3b118923c3b,5eda0265629b7fe44aed0ca6023c2bbe3d01f216,INSTALL,INSTALL,FAIL->FAIL,,0,medium,1,,"[""C:\\depbot-work\\execution_logs\\Resurfed__timer-api__pr26\\Resurfed__timer-api__pr26__BEFORE__INSTALL__att1.stdout.txt"", ""C:\\depbot-work\\execution_logs\\Resurfed__timer-api__pr26\\Resurfed__timer-api__pr26__BEFORE__INSTALL__att1.stderr.txt"", ""C:\\depbot-work\\execution_logs\\Resurfed__timer-api__pr26\\Resurfed__timer-api__pr26__AFTER__INSTALL__att1.stdout.txt"", ""C:\\depbot-work\\execution_logs\\Resurfed__timer-api__pr26\\Resurfed__timer-api__pr26__AFTER__INSTALL__att1.stderr.txt""]",,2026-07-29 03:31:32,[Security] Bump django from 2.0.5 to 2.1.2,2018-10-05 07:27:54,partition1_xlsx
arxiv-vanity/arxiv-vanity,334,django,2.0.7,2.1.2,pip,1bd2f4879d84026c033fb2985310299ea24bb69e,8814f707a9cd50550b845ae6aff61defc899cfe3,INSTALL,INSTALL,FAIL->FAIL,,0,medium,1,,"[""C:\\depbot-work\\execution_logs\\arxiv-vanity__arxiv-vanity__pr334\\arxiv-vanity__arxiv-vanity__pr334__BEFORE__INSTALL__att1.stdout.txt"", ""C:\\depbot-work\\execution_logs\\arxiv-vanity__arxiv-vanity__pr334\\arxiv-vanity__arxiv-vanity__pr334__BEFORE__INSTALL__att1.stderr.txt"", ""C:\\depbot-work\\execution_logs\\arxiv-vanity__arxiv-vanity__pr334\\arxiv-vanity__arxiv-vanity__pr334__AFTER__INSTALL__att1.stdout.txt"", ""C:\\depbot-work\\execution_logs\\arxiv-vanity__arxiv-vanity__pr334\\arxiv-vanity__arxiv-vanity__pr334__AFTER__INSTALL__att1.stderr.txt""]",,2026-07-29 04:51:04,[Security] Bump django from 2.0.7 to 2.1.2,2018-10-05 05:47:21,partition1_xlsx
cedadev/jasmin-cloud,60,django,2.0.7,2.1.2,pip,7e7b4d94f4988a13f788628c254c52272997e4c3,100e007f603597510d9c925379d40a2787328eb1,INSTALL,INSTALL,FAIL->FAIL,,0,medium,1,,"[""C:\\depbot-work\\execution_logs\\cedadev__jasmin-cloud__pr60\\cedadev__jasmin-cloud__pr60__BEFORE__INSTALL__att1.stdout.txt"", ""C:\\depbot-work\\execution_logs\\cedadev__jasmin-cloud__pr60\\cedadev__jasmin-cloud__pr60__BEFORE__INSTALL__att1.stderr.txt"", ""C:\\depbot-work\\execution_logs\\cedadev__jasmin-cloud__pr60\\cedadev__jasmin-cloud__pr60__AFTER__INSTALL__att1.stdout.txt"", ""C:\\depbot-work\\execution_logs\\cedadev__jasmin-cloud__pr60\\cedadev__jasmin-cloud__pr60__AFTER__INSTALL__att1.stderr.txt""]",,2026-07-29 04:51:47,[Security] Bump django from 2.0.7 to 2.1.2,2018-10-05 05:38:26,partition1_xlsx
open-ods/open-ods,146,flask,0.12.2,1.0,pip,0a4624fed05dcee297eceeb2aeb99b477c8cf96e,203eb7382ed41f73dd7f8f1f65997678adb232f7,INSTALL,INSTALL,FAIL->FAIL,,0,medium,1,,"[""C:\\depbot-work\\execution_logs\\open-ods__open-ods__pr146\\open-ods__open-ods__pr146__BEFORE__INSTALL__att1.stdout.txt"", ""C:\\depbot-work\\execution_logs\\open-ods__open-ods__pr146\\open-ods__open-ods__pr146__BEFORE__INSTALL__att1.stderr.txt"", ""C:\\depbot-work\\execution_logs\\open-ods__open-ods__pr146\\open-ods__open-ods__pr146__AFTER__INSTALL__att1.stdout.txt"", ""C:\\depbot-work\\execution_logs\\open-ods__open-ods__pr146\\open-ods__open-ods__pr146__AFTER__INSTALL__att1.stderr.txt""]",,2026-07-29 04:52:04,[Security] Bump flask from 0.12.2 to 1.0,2018-04-27 05:29:56,partition1_xlsx
hummingbird-me/kitsu-server,456,doorkeeper,4.2.6,5.0.0,unknown,cff471cf277743f379fa68f4c66e0c0094ead21d,075169c64620f6f80fb182e2933c929b823bb736,UNRUNNABLE,UNRUNNABLE,UNRUNNABLE,,0,medium,1,,[],,2026-07-29 04:52:12,[Security] Bump doorkeeper from 4.2.6 to 5.0.0,2018-08-27 06:38:48,partition1_xlsx
davygora/splits-io,4,doorkeeper,4.3.2,5.0.0,unknown,743ca8ccb783ffdfeee83923bfcbba1ac21319eb,e6f8ffa289df3990054cc0eb225ed189116e3356,UNRUNNABLE,UNRUNNABLE,UNRUNNABLE,,0,medium,1,,[],,2026-07-29 04:52:20,[Security] Bump doorkeeper from 4.3.2 to 5.0.0,2018-09-03 18:35:33,partition1_xlsx
davygora/splits-io,12,doorkeeper,4.3.2,5.0.1,unknown,743ca8ccb783ffdfeee83923bfcbba1ac21319eb,70f38e066ddaf093637a2e318435b24c840bb593,UNRUNNABLE,UNRUNNABLE,UNRUNNABLE,,0,medium,1,,[],,2026-07-29 04:52:28,[Security] Bump doorkeeper from 4.3.2 to 5.0.1,2018-10-11 03:41:47,partition1_xlsx
ewilkinsiii/movie_critics2,155,devise,3.5.10,4.6.0,gem,fca42dd0f367d42249a6b522968f1664bb41c46d,9402389e8817becad30aa17738a79e3113dea2d8,INSTALL,INSTALL,FAIL->FAIL,,0,medium,1,,"[""C:\\depbot-work\\execution_logs\\ewilkinsiii__movie_critics2__pr155\\ewilkinsiii__movie_critics2__pr155__BEFORE__INSTALL__att1.stdout.txt"", ""C:\\depbot-work\\execution_logs\\ewilkinsiii__movie_critics2__pr155\\ewilkinsiii__movie_critics2__pr155__BEFORE__INSTALL__att1.stderr.txt"", ""C:\\depbot-work\\execution_logs\\ewilkinsiii__movie_critics2__pr155\\ewilkinsiii__movie_critics2__pr155__AFTER__INSTALL__att1.stdout.txt"", ""C:\\depbot-work\\execution_logs\\ewilkinsiii__movie_critics2__pr155\\ewilkinsiii__movie_critics2__pr155__AFTER__INSTALL__att1.stderr.txt""]",,2026-07-30 00:23:07,[Security] Bump devise from 3.5.10 to 4.6.0,2019-08-22 09:58:00,partition1_xlsx
sparc-request/sparc-fulfillment,335,grape,0.9.0,1.1.0,gem,168400873262be3132bb024cd56ca66b9c0c9691,f039355e1174bfe1fa64879f5eed5c4ef97c3667,INSTALL,INSTALL,FAIL->FAIL,,0,medium,1,,"[""C:\\depbot-work\\execution_logs\\sparc-request__sparc-fulfillment__pr335\\sparc-request__sparc-fulfillment__pr335__BEFORE__INSTALL__att1.stdout.txt"", ""C:\\depbot-work\\execution_logs\\sparc-request__sparc-fulfillment__pr335\\sparc-request__sparc-fulfillment__pr335__BEFORE__INSTALL__att1.stderr.txt"", ""C:\\depbot-work\\execution_logs\\sparc-request__sparc-fulfillment__pr335\\sparc-request__sparc-fulfillment__pr335__AFTER__INSTALL__att1.stdout.txt"", ""C:\\depbot-work\\execution_logs\\sparc-request__sparc-fulfillment__pr335\\sparc-request__sparc-fulfillment__pr335__AFTER__INSTALL__att1.stderr.txt""]",,2026-07-30 00:23:17,[Security] Bump grape from 0.9.0 to 1.1.0,2018-08-24 14:41:38,partition1_xlsx
ZachNusbaum/PowerTool,31,doorkeeper,4.3.2,5.0.0,gem,429ccbb8aa60788a568ac3306b926cacaf1a13f4,88aa6e7b4d4b81d1922fa409c405052d4fd54a34,INSTALL,INSTALL,FAIL->FAIL,,0,medium,1,,"[""C:\\depbot-work\\execution_logs\\ZachNusbaum__PowerTool__pr31\\ZachNusbaum__PowerTool__pr31__BEFORE__INSTALL__att1.stdout.txt"", ""C:\\depbot-work\\execution_logs\\ZachNusbaum__PowerTool__pr31\\ZachNusbaum__PowerTool__pr31__BEFORE__INSTALL__att1.stderr.txt"", ""C:\\depbot-work\\execution_logs\\ZachNusbaum__PowerTool__pr31\\ZachNusbaum__PowerTool__pr31__AFTER__INSTALL__att1.stdout.txt"", ""C:\\depbot-work\\execution_logs\\ZachNusbaum__PowerTool__pr31\\ZachNusbaum__PowerTool__pr31__AFTER__INSTALL__att1.stderr.txt""]",,2026-07-30 00:23:25,[Security] Bump doorkeeper from 4.3.2 to 5.0.0,2018-08-27 07:20:03,partition1_xlsx
ZachNusbaum/PowerTool,35,doorkeeper,4.3.2,5.0.1,gem,429ccbb8aa60788a568ac3306b926cacaf1a13f4,ac06b0bac5d9378d31de38e3a350e223eab909db,INSTALL,INSTALL,FAIL->FAIL,,0,medium,1,,"[""C:\\depbot-work\\execution_logs\\ZachNusbaum__PowerTool__pr35\\ZachNusbaum__PowerTool__pr35__BEFORE__INSTALL__att1.stdout.txt"", ""C:\\depbot-work\\execution_logs\\ZachNusbaum__PowerTool__pr35\\ZachNusbaum__PowerTool__pr35__BEFORE__INSTALL__att1.stderr.txt"", ""C:\\depbot-work\\execution_logs\\ZachNusbaum__PowerTool__pr35\\ZachNusbaum__PowerTool__pr35__AFTER__INSTALL__att1.stdout.txt"", ""C:\\depbot-work\\execution_logs\\ZachNusbaum__PowerTool__pr35\\ZachNusbaum__PowerTool__pr35__AFTER__INSTALL__att1.stderr.txt""]",,2026-07-30 00:23:33,[Security] Bump doorkeeper from 4.3.2 to 5.0.1,2018-10-11 07:35:19,partition1_xlsx
ucsdlib/damspas,608,devise,3.5.6,4.6.1,gem,0ca1e33e577b3c0b05cb79bee7296fd97fc1591d,1bd61d1f200d9964cfe1ddda6e3292808c79a979,UNRUNNABLE,UNRUNNABLE,UNRUNNABLE,,0,medium,1,,[],,2026-07-30 00:23:58,[Security] Bump devise from 3.5.6 to 4.6.1,2019-03-04 09:27:41,partition1_xlsx
tnir/gitlabhq,360,devise,4.4.3,4.6.1,gem,09d25b04c34398f9f825b3cc95265af3097fa035,6134e477a33543c56b1cc23ec716754670373d64,INSTALL,INSTALL,FAIL->FAIL,,0,medium,1,,"[""C:\\depbot-work\\execution_logs\\tnir__gitlabhq__pr360\\tnir__gitlabhq__pr360__BEFORE__INSTALL__att1.stdout.txt"", ""C:\\depbot-work\\execution_logs\\tnir__gitlabhq__pr360\\tnir__gitlabhq__pr360__BEFORE__INSTALL__att1.stderr.txt"", ""C:\\depbot-work\\execution_logs\\tnir__gitlabhq__pr360\\tnir__gitlabhq__pr360__AFTER__INSTALL__att1.stdout.txt"", ""C:\\depbot-work\\execution_logs\\tnir__gitlabhq__pr360\\tnir__gitlabhq__pr360__AFTER__INSTALL__att1.stderr.txt""]",,2026-07-30 00:26:32,[Security] Bump devise from 4.4.3 to 4.6.1,2019-03-14 19:53:00,partition1_xlsx
tnir/gitlabhq,382,devise,4.4.3,4.6.0,gem,10bf3bbc904c96d5d7633f58cb93cf6927e18c8e,5536bcc5799911b0149494c3a86d60dfac16c15f,INSTALL,INSTALL,FAIL->FAIL,,0,medium,1,,"[""C:\\depbot-work\\execution_logs\\tnir__gitlabhq__pr382\\tnir__gitlabhq__pr382__BEFORE__INSTALL__att1.stdout.txt"", ""C:\\depbot-work\\execution_logs\\tnir__gitlabhq__pr382\\tnir__gitlabhq__pr382__BEFORE__INSTALL__att1.stderr.txt"", ""C:\\depbot-work\\execution_logs\\tnir__gitlabhq__pr382\\tnir__gitlabhq__pr382__AFTER__INSTALL__att1.stdout.txt"", ""C:\\depbot-work\\execution_logs\\tnir__gitlabhq__pr382\\tnir__gitlabhq__pr382__AFTER__INSTALL__att1.stderr.txt""]",,2026-07-30 00:28:38,[Security] Bump devise from 4.4.3 to 4.6.0,2019-04-22 08:23:30,partition1_xlsx
samjewell/hello-app-hartl-rails-tutorial,81,rails,4.2.10,5.2.2.1,gem,ab1ae1b3e2bef978182ab6214bf645210b816bde,f155c08510d92f81290343ad8bfd7d7af05987a8,INSTALL,INSTALL,FAIL->FAIL,,0,medium,1,,"[""C:\\depbot-work\\execution_logs\\samjewell__hello-app-hartl-rails-tutorial__pr81\\samjewell__hello-app-hartl-rails-tutorial__pr81__BEFORE__INSTALL__att1.stdout.txt"", ""C:\\depbot-work\\execution_logs\\samjewell__hello-app-hartl-rails-tutorial__pr81\\samjewell__hello-app-hartl-rails-tutorial__pr81__BEFORE__INSTALL__att1.stderr.txt"", ""C:\\depbot-work\\execution_logs\\samjewell__hello-app-hartl-rails-tutorial__pr81\\samjewell__hello-app-hartl-rails-tutorial__pr81__AFTER__INSTALL__att1.stdout.txt"", ""C:\\depbot-work\\execution_logs\\samjewell__hello-app-hartl-rails-tutorial__pr81\\samjewell__hello-app-hartl-rails-tutorial__pr81__AFTER__INSTALL__att1.stderr.txt""]",,2026-07-30 00:28:44,[Security] Bump rails from 4.2.10 to 5.2.2.1,2019-03-18 05:36:22,partition1_xlsx
adeclosset/sample_app,78,uglifier,2.1.1,4.1.18,gem,bfc601828a5a891e412cc93de07fc5d7e8a6e028,0a6bb2c2846fb144d52d620d36d9349b0fe699d8,INSTALL,INSTALL,FAIL->FAIL,,0,medium,1,,"[""C:\\depbot-work\\execution_logs\\adeclosset__sample_app__pr78\\adeclosset__sample_app__pr78__BEFORE__INSTALL__att1.stdout.txt"", ""C:\\depbot-work\\execution_logs\\adeclosset__sample_app__pr78\\adeclosset__sample_app__pr78__BEFORE__INSTALL__att1.stderr.txt"", ""C:\\depbot-work\\execution_logs\\adeclosset__sample_app__pr78\\adeclosset__sample_app__pr78__AFTER__INSTALL__att1.stdout.txt"", ""C:\\depbot-work\\execution_logs\\adeclosset__sample_app__pr78\\adeclosset__sample_app__pr78__AFTER__INSTALL__att1.stderr.txt""]",,2026-07-30 00:28:48,[Security] Bump uglifier from 2.1.1 to 4.1.18,2018-08-10 05:14:06,partition1_xlsx
adeclosset/sample_app,77,uglifier,2.1.1,4.1.17,gem,bfc601828a5a891e412cc93de07fc5d7e8a6e028,d4f221310362eadc8dc07266c4fb6645e371c043,INSTALL,INSTALL,FAIL->FAIL,,0,medium,1,,"[""C:\\depbot-work\\execution_logs\\adeclosset__sample_app__pr77\\adeclosset__sample_app__pr77__BEFORE__INSTALL__att1.stdout.txt"", ""C:\\depbot-work\\execution_logs\\adeclosset__sample_app__pr77\\adeclosset__sample_app__pr77__BEFORE__INSTALL__att1.stderr.txt"", ""C:\\depbot-work\\execution_logs\\adeclosset__sample_app__pr77\\adeclosset__sample_app__pr77__AFTER__INSTALL__att1.stdout.txt"", ""C:\\depbot-work\\execution_logs\\adeclosset__sample_app__pr77\\adeclosset__sample_app__pr77__AFTER__INSTALL__att1.stderr.txt""]",,2026-07-30 00:28:52,[Security] Bump uglifier from 2.1.1 to 4.1.17,2018-07-30 05:12:19,partition1_xlsx
adeclosset/sample_app,76,uglifier,2.1.1,4.1.16,gem,bfc601828a5a891e412cc93de07fc5d7e8a6e028,1f83f538f4fa5724275c8d0774aa670e3560916f,INSTALL,INSTALL,FAIL->FAIL,,0,medium,1,,"[""C:\\depbot-work\\execution_logs\\adeclosset__sample_app__pr76\\adeclosset__sample_app__pr76__BEFORE__INSTALL__att1.stdout.txt"", ""C:\\depbot-work\\execution_logs\\adeclosset__sample_app__pr76\\adeclosset__sample_app__pr76__BEFORE__INSTALL__att1.stderr.txt"", ""C:\\depbot-work\\execution_logs\\adeclosset__sample_app__pr76\\adeclosset__sample_app__pr76__AFTER__INSTALL__att1.stdout.txt"", ""C:\\depbot-work\\execution_logs\\adeclosset__sample_app__pr76\\adeclosset__sample_app__pr76__AFTER__INSTALL__att1.stderr.txt""]",,2026-07-30 00:28:56,[Security] Bump uglifier from 2.1.1 to 4.1.16,2018-07-23 05:16:10,partition1_xlsx
adeclosset/sample_app,75,uglifier,2.1.1,4.1.15,gem,bfc601828a5a891e412cc93de07fc5d7e8a6e028,b5a715dfa6c36ade17354792e0595e926c1296d9,INSTALL,INSTALL,FAIL->FAIL,,0,medium,1,,"[""C:\\depbot-work\\execution_logs\\adeclosset__sample_app__pr75\\adeclosset__sample_app__pr75__BEFORE__INSTALL__att1.stdout.txt"", ""C:\\depbot-work\\execution_logs\\adeclosset__sample_app__pr75\\adeclosset__sample_app__pr75__BEFORE__INSTALL__att1.stderr.txt"", ""C:\\depbot-work\\execution_logs\\adeclosset__sample_app__pr75\\adeclosset__sample_app__pr75__AFTER__INSTALL__att1.stdout.txt"", ""C:\\depbot-work\\execution_logs\\adeclosset__sample_app__pr75\\adeclosset__sample_app__pr75__AFTER__INSTALL__att1.stderr.txt""]",,2026-07-30 00:29:00,[Security] Bump uglifier from 2.1.1 to 4.1.15,2018-07-16 05:12:24,partition1_xlsx
adeclosset/sample_app,74,uglifier,2.1.1,4.1.14,gem,bfc601828a5a891e412cc93de07fc5d7e8a6e028,48bc5b65aa0fa81fc00e8354e32920af460efba9,INSTALL,INSTALL,FAIL->FAIL,,0,medium,1,,"[""C:\\depbot-work\\execution_logs\\adeclosset__sample_app__pr74\\adeclosset__sample_app__pr74__BEFORE__INSTALL__att1.stdout.txt"", ""C:\\depbot-work\\execution_logs\\adeclosset__sample_app__pr74\\adeclosset__sample_app__pr74__BEFORE__INSTALL__att1.stderr.txt"", ""C:\\depbot-work\\execution_logs\\adeclosset__sample_app__pr74\\adeclosset__sample_app__pr74__AFTER__INSTALL__att1.stdout.txt"", ""C:\\depbot-work\\execution_logs\\adeclosset__sample_app__pr74\\adeclosset__sample_app__pr74__AFTER__INSTALL__att1.stderr.txt""]",,2026-07-30 00:29:03,[Security] Bump uglifier from 2.1.1 to 4.1.14,2018-07-03 05:13:01,partition1_xlsx
mysociety/alaveteli,4703,nokogiri,1.6.8.1,1.8.4,gem,07808f6bb20db94f5f2bbaf13fa85b690339c665,a96701a4b63daeb6ba8bedd222b8852b7dfc4197,INSTALL,INSTALL,FAIL->FAIL,,0,medium,1,,"[""C:\\depbot-work\\execution_logs\\mysociety__alaveteli__pr4703\\mysociety__alaveteli__pr4703__BEFORE__INSTALL__att1.stdout.txt"", ""C:\\depbot-work\\execution_logs\\mysociety__alaveteli__pr4703\\mysociety__alaveteli__pr4703__BEFORE__INSTALL__att1.stderr.txt"", ""C:\\depbot-work\\execution_logs\\mysociety__alaveteli__pr4703\\mysociety__alaveteli__pr4703__AFTER__INSTALL__att1.stdout.txt"", ""C:\\depbot-work\\execution_logs\\mysociety__alaveteli__pr4703\\mysociety__alaveteli__pr4703__AFTER__INSTALL__att1.stderr.txt""]",,2026-07-30 00:29:28,[Security] Bump nokogiri from 1.6.8.1 to 1.8.4,2018-07-04 05:28:50,partition1_xlsx
sparc-request/sparc-request,1511,grape,0.7.0,1.1.0,gem,efb6c8b6bf4fa70c58fec80378b4f19f2f958808,475e6db987eb23fc0a01f5321966f0d4896ee414,UNRUNNABLE,UNRUNNABLE,UNRUNNABLE,,0,medium,1,,[],,2026-07-30 00:29:36,[Security] Bump grape from 0.7.0 to 1.1.0,2018-08-24 14:40:49,partition1_xlsx
alphagov/signon,861,doorkeeper,4.2.6,5.0.1,gem,6f6fb301e3c6c609cf52c8f2044de2aa23117a54,51be359b77ce3d7361486b1bb93e064a8489f660,INSTALL,INSTALL,FAIL->FAIL,,0,medium,1,,"[""C:\\depbot-work\\execution_logs\\alphagov__signon__pr861\\alphagov__signon__pr861__BEFORE__INSTALL__att1.stdout.txt"", ""C:\\depbot-work\\execution_logs\\alphagov__signon__pr861\\alphagov__signon__pr861__BEFORE__INSTALL__att1.stderr.txt"", ""C:\\depbot-work\\execution_logs\\alphagov__signon__pr861\\alphagov__signon__pr861__AFTER__INSTALL__att1.stdout.txt"", ""C:\\depbot-work\\execution_logs\\alphagov__signon__pr861\\alphagov__signon__pr861__AFTER__INSTALL__att1.stderr.txt""]",,2026-07-30 00:29:46,[Security] Bump doorkeeper from 4.2.6 to 5.0.1,2018-10-10 14:10:18,partition1_xlsx
kieramcneice/lobsters,118,jquery-rails,3.1.4,4.3.5,gem,638cf44d0f19e4cf4aa12a0a7c6e1ff666c7b76f,25261ef60483e0b28fc85ed7ae7ae160ca6706ad,INSTALL,INSTALL,FAIL->FAIL,,0,medium,1,,"[""C:\\depbot-work\\execution_logs\\kieramcneice__lobsters__pr118\\kieramcneice__lobsters__pr118__BEFORE__INSTALL__att1.stdout.txt"", ""C:\\depbot-work\\execution_logs\\kieramcneice__lobsters__pr118\\kieramcneice__lobsters__pr118__BEFORE__INSTALL__att1.stderr.txt"", ""C:\\depbot-work\\execution_logs\\kieramcneice__lobsters__pr118\\kieramcneice__lobsters__pr118__AFTER__INSTALL__att1.stdout.txt"", ""C:\\depbot-work\\execution_logs\\kieramcneice__lobsters__pr118\\kieramcneice__lobsters__pr118__AFTER__INSTALL__att1.stderr.txt""]",,2026-07-30 00:29:52,[security] build(deps): bump jquery-rails from 3.1.4 to 4.3.5,2019-06-14 06:33:00,partition1_xlsx
openregister/registers-frontend,452,jquery-ui-rails,5.0.5,6.0.1,gem,a598ddd262e1bbb4a978696e4d816bad8d52d97b,f3732039c85e0a2437b9dfb8d08d032bb5c18ba8,INSTALL,INSTALL,FAIL->FAIL,,0,medium,1,,"[""C:\\depbot-work\\execution_logs\\openregister__registers-frontend__pr452\\openregister__registers-frontend__pr452__BEFORE__INSTALL__att1.stdout.txt"", ""C:\\depbot-work\\execution_logs\\openregister__registers-frontend__pr452\\openregister__registers-frontend__pr452__BEFORE__INSTALL__att1.stderr.txt"", ""C:\\depbot-work\\execution_logs\\openregister__registers-frontend__pr452\\openregister__registers-frontend__pr452__AFTER__INSTALL__att1.stdout.txt"", ""C:\\depbot-work\\execution_logs\\openregister__registers-frontend__pr452\\openregister__registers-frontend__pr452__AFTER__INSTALL__att1.stderr.txt""]",,2026-07-30 00:30:00,[Security] Bump jquery-ui-rails from 5.0.5 to 6.0.1,2018-10-08 14:13:39,partition1_xlsx
DefactoSoftware/Hours,494,devise,3.5.10,4.6.0,gem,8b46389fc0b2d1aa5c40d2167dc7eb1af6652cc8,fd373e702be7d6a9a1651d8361158486d2eed934,INSTALL,INSTALL,FAIL->FAIL,,0,medium,1,,"[""C:\\depbot-work\\execution_logs\\DefactoSoftware__Hours__pr494\\DefactoSoftware__Hours__pr494__BEFORE__INSTALL__att1.stdout.txt"", ""C:\\depbot-work\\execution_logs\\DefactoSoftware__Hours__pr494\\DefactoSoftware__Hours__pr494__BEFORE__INSTALL__att1.stderr.txt"", ""C:\\depbot-work\\execution_logs\\DefactoSoftware__Hours__pr494\\DefactoSoftware__Hours__pr494__AFTER__INSTALL__att1.stdout.txt"", ""C:\\depbot-work\\execution_logs\\DefactoSoftware__Hours__pr494\\DefactoSoftware__Hours__pr494__AFTER__INSTALL__att1.stderr.txt""]",,2026-07-30 00:30:08,[Security] Bump devise from 3.5.10 to 4.6.0,2019-04-23 13:42:18,partition1_xlsx
tablexi/nucore-open,1552,rails,5.0.7,5.2.0,gem,9dc1bd34ff022035550eb3416ee38e6e0685b019,b378a1204794ffbc87ed62d603719560a7e3eb70,INSTALL,INSTALL,FAIL->FAIL,,0,medium,1,,"[""C:\\depbot-work\\execution_logs\\tablexi__nucore-open__pr1552\\tablexi__nucore-open__pr1552__BEFORE__INSTALL__att1.stdout.txt"", ""C:\\depbot-work\\execution_logs\\tablexi__nucore-open__pr1552\\tablexi__nucore-open__pr1552__BEFORE__INSTALL__att1.stderr.txt"", ""C:\\depbot-work\\execution_logs\\tablexi__nucore-open__pr1552\\tablexi__nucore-open__pr1552__AFTER__INSTALL__att1.stdout.txt"", ""C:\\depbot-work\\execution_logs\\tablexi__nucore-open__pr1552\\tablexi__nucore-open__pr1552__AFTER__INSTALL__att1.stderr.txt""]",,2026-07-30 00:30:27,[Security] Bump rails from 5.0.7 to 5.2.0,2018-05-14 09:19:37,partition1_xlsx
AdonisOkpidi/mysite-ruby,45,rails,5.1.6,5.2.2.1,gem,dfc5b6bf6078d976fd93e9ca16709ac04a846473,36d0fae24d52b7b94860436bd01a73c96721646d,INSTALL,INSTALL,FAIL->FAIL,,0,medium,1,,"[""C:\\depbot-work\\execution_logs\\AdonisOkpidi__mysite-ruby__pr45\\AdonisOkpidi__mysite-ruby__pr45__BEFORE__INSTALL__att1.stdout.txt"", ""C:\\depbot-work\\execution_logs\\AdonisOkpidi__mysite-ruby__pr45\\AdonisOkpidi__mysite-ruby__pr45__BEFORE__INSTALL__att1.stderr.txt"", ""C:\\depbot-work\\execution_logs\\AdonisOkpidi__mysite-ruby__pr45\\AdonisOkpidi__mysite-ruby__pr45__AFTER__INSTALL__att1.stdout.txt"", ""C:\\depbot-work\\execution_logs\\AdonisOkpidi__mysite-ruby__pr45\\AdonisOkpidi__mysite-ruby__pr45__AFTER__INSTALL__att1.stderr.txt""]",,2026-07-30 00:30:31,[Security] Bump rails from 5.1.6 to 5.2.2.1,2019-03-14 06:47:05,partition1_xlsx
ewilkinsiii/portfolio,93,rails_admin,1.1.1,1.4.1,gem,e078698575bc62a44dcf2066a90c3813b6450625,bb63a8b9cc94f96ea9c11cc58e4a2c2de8bb5218,INSTALL,INSTALL,FAIL->FAIL,,0,medium,1,,"[""C:\\depbot-work\\execution_logs\\ewilkinsiii__portfolio__pr93\\ewilkinsiii__portfolio__pr93__BEFORE__INSTALL__att1.stdout.txt"", ""C:\\depbot-work\\execution_logs\\ewilkinsiii__portfolio__pr93\\ewilkinsiii__portfolio__pr93__BEFORE__INSTALL__att1.stderr.txt"", ""C:\\depbot-work\\execution_logs\\ewilkinsiii__portfolio__pr93\\ewilkinsiii__portfolio__pr93__AFTER__INSTALL__att1.stdout.txt"", ""C:\\depbot-work\\execution_logs\\ewilkinsiii__portfolio__pr93\\ewilkinsiii__portfolio__pr93__AFTER__INSTALL__att1.stderr.txt""]",,2026-07-30 00:30:41,[Security] Bump rails_admin from 1.1.1 to 1.4.1,2018-08-20 09:16:26,partition1_xlsx
ewilkinsiii/portfolio,157,devise,4.3.0,4.6.1,gem,800cc3dd0df77a317fd834c96df1ed0c9d56c3bc,af19f524bfdf3a24922de9f786e1d5ede841f8ec,INSTALL,INSTALL,FAIL->FAIL,,0,medium,1,,"[""C:\\depbot-work\\execution_logs\\ewilkinsiii__portfolio__pr157\\ewilkinsiii__portfolio__pr157__BEFORE__INSTALL__att1.stdout.txt"", ""C:\\depbot-work\\execution_logs\\ewilkinsiii__portfolio__pr157\\ewilkinsiii__portfolio__pr157__BEFORE__INSTALL__att1.stderr.txt"", ""C:\\depbot-work\\execution_logs\\ewilkinsiii__portfolio__pr157\\ewilkinsiii__portfolio__pr157__AFTER__INSTALL__att1.stdout.txt"", ""C:\\depbot-work\\execution_logs\\ewilkinsiii__portfolio__pr157\\ewilkinsiii__portfolio__pr157__AFTER__INSTALL__att1.stderr.txt""]",,2026-07-30 00:30:51,[Security] Bump devise from 4.3.0 to 4.6.1,2019-03-14 19:49:39,partition1_xlsx
ewilkinsiii/portfolio,170,devise,4.3.0,4.6.0,gem,800cc3dd0df77a317fd834c96df1ed0c9d56c3bc,062b70a921b17f68a5b49a9a4d9130c1c5257b74,INSTALL,INSTALL,FAIL->FAIL,,0,medium,1,,"[""C:\\depbot-work\\execution_logs\\ewilkinsiii__portfolio__pr170\\ewilkinsiii__portfolio__pr170__BEFORE__INSTALL__att1.stdout.txt"", ""C:\\depbot-work\\execution_logs\\ewilkinsiii__portfolio__pr170\\ewilkinsiii__portfolio__pr170__BEFORE__INSTALL__att1.stderr.txt"", ""C:\\depbot-work\\execution_logs\\ewilkinsiii__portfolio__pr170\\ewilkinsiii__portfolio__pr170__AFTER__INSTALL__att1.stdout.txt"", ""C:\\depbot-work\\execution_logs\\ewilkinsiii__portfolio__pr170\\ewilkinsiii__portfolio__pr170__AFTER__INSTALL__att1.stderr.txt""]",,2026-07-30 00:31:02,[Security] Bump devise from 4.3.0 to 4.6.0,2019-08-20 09:32:00,partition1_xlsx
ewilkinsiii/myappointment,52,rails_admin,1.2.0,1.4.1,gem,5832a14b812560b5ca6aa106a11fd067ae6a9dee,11b70563a9ae726d4b3b22c4186a1af0ffd8fa08,INSTALL,INSTALL,FAIL->FAIL,,0,medium,1,,"[""C:\\depbot-work\\execution_logs\\ewilkinsiii__myappointment__pr52\\ewilkinsiii__myappointment__pr52__BEFORE__INSTALL__att1.stdout.txt"", ""C:\\depbot-work\\execution_logs\\ewilkinsiii__myappointment__pr52\\ewilkinsiii__myappointment__pr52__BEFORE__INSTALL__att1.stderr.txt"", ""C:\\depbot-work\\execution_logs\\ewilkinsiii__myappointment__pr52\\ewilkinsiii__myappointment__pr52__AFTER__INSTALL__att1.stdout.txt"", ""C:\\depbot-work\\execution_logs\\ewilkinsiii__myappointment__pr52\\ewilkinsiii__myappointment__pr52__AFTER__INSTALL__att1.stderr.txt""]",,2026-07-30 00:31:07,[Security] Bump rails_admin from 1.2.0 to 1.4.1,2018-08-20 09:18:25,partition1_xlsx
ewilkinsiii/myappointment,51,rails_admin,1.2.0,1.4.0,gem,5832a14b812560b5ca6aa106a11fd067ae6a9dee,4685fca9ab091f367ee2d9b6173f361ba3a86c7f,INSTALL,INSTALL,FAIL->FAIL,,0,medium,1,,"[""C:\\depbot-work\\execution_logs\\ewilkinsiii__myappointment__pr51\\ewilkinsiii__myappointment__pr51__BEFORE__INSTALL__att1.stdout.txt"", ""C:\\depbot-work\\execution_logs\\ewilkinsiii__myappointment__pr51\\ewilkinsiii__myappointment__pr51__BEFORE__INSTALL__att1.stderr.txt"", ""C:\\depbot-work\\execution_logs\\ewilkinsiii__myappointment__pr51\\ewilkinsiii__myappointment__pr51__AFTER__INSTALL__att1.stdout.txt"", ""C:\\depbot-work\\execution_logs\\ewilkinsiii__myappointment__pr51\\ewilkinsiii__myappointment__pr51__AFTER__INSTALL__att1.stderr.txt""]",,2026-07-30 00:31:11,[Security] Bump rails_admin from 1.2.0 to 1.4.0,2018-07-23 09:15:31,partition1_xlsx
ewilkinsiii/myappointment,76,rails,5.0.5,5.1.6.2,gem,5832a14b812560b5ca6aa106a11fd067ae6a9dee,4ebc56d2a26045913761396396868c3f40f24469,INSTALL,INSTALL,FAIL->FAIL,,0,medium,1,,"[""C:\\depbot-work\\execution_logs\\ewilkinsiii__myappointment__pr76\\ewilkinsiii__myappointment__pr76__BEFORE__INSTALL__att1.stdout.txt"", ""C:\\depbot-work\\execution_logs\\ewilkinsiii__myappointment__pr76\\ewilkinsiii__myappointment__pr76__BEFORE__INSTALL__att1.stderr.txt"", ""C:\\depbot-work\\execution_logs\\ewilkinsiii__myappointment__pr76\\ewilkinsiii__myappointment__pr76__AFTER__INSTALL__att1.stdout.txt"", ""C:\\depbot-work\\execution_logs\\ewilkinsiii__myappointment__pr76\\ewilkinsiii__myappointment__pr76__AFTER__INSTALL__att1.stderr.txt""]",,2026-07-30 00:31:15,[Security] Bump rails from 5.0.5 to 5.1.6.2,2019-03-14 09:13:29,partition1_xlsx
ewilkinsiii/myappointment,94,devise,4.3.0,4.6.0,gem,5832a14b812560b5ca6aa106a11fd067ae6a9dee,57e9c0b1de1de3c73aed2fd2404741c69a6b35e1,INSTALL,INSTALL,FAIL->FAIL,,0,medium,1,,"[""C:\\depbot-work\\execution_logs\\ewilkinsiii__myappointment__pr94\\ewilkinsiii__myappointment__pr94__BEFORE__INSTALL__att1.stdout.txt"", ""C:\\depbot-work\\execution_logs\\ewilkinsiii__myappointment__pr94\\ewilkinsiii__myappointment__pr94__BEFORE__INSTALL__att1.stderr.txt"", ""C:\\depbot-work\\execution_logs\\ewilkinsiii__myappointment__pr94\\ewilkinsiii__myappointment__pr94__AFTER__INSTALL__att1.stdout.txt"", ""C:\\depbot-work\\execution_logs\\ewilkinsiii__myappointment__pr94\\ewilkinsiii__myappointment__pr94__AFTER__INSTALL__att1.stderr.txt""]",,2026-07-30 00:31:19,[Security] Bump devise from 4.3.0 to 4.6.0,2019-08-20 09:33:00,partition1_xlsx
ZachNusbaum/PowerTool,30,doorkeeper,4.3.2,4.4.2,gem,429ccbb8aa60788a568ac3306b926cacaf1a13f4,0006e4d72721c0642b7ae9f1806f6ba28b3409a2,INSTALL,INSTALL,FAIL->FAIL,,0,medium,1,,"[""C:\\depbot-work\\execution_logs\\ZachNusbaum__PowerTool__pr30\\ZachNusbaum__PowerTool__pr30__BEFORE__INSTALL__att1.stdout.txt"", ""C:\\depbot-work\\execution_logs\\ZachNusbaum__PowerTool__pr30\\ZachNusbaum__PowerTool__pr30__BEFORE__INSTALL__att1.stderr.txt"", ""C:\\depbot-work\\execution_logs\\ZachNusbaum__PowerTool__pr30\\ZachNusbaum__PowerTool__pr30__AFTER__INSTALL__att1.stdout.txt"", ""C:\\depbot-work\\execution_logs\\ZachNusbaum__PowerTool__pr30\\ZachNusbaum__PowerTool__pr30__AFTER__INSTALL__att1.stderr.txt""]",,2026-07-30 00:31:27,[Security] Bump doorkeeper from 4.3.2 to 4.4.2,2018-08-21 07:41:04,partition1_xlsx
risdenk/calcite,175,jackson.version,2.9.8,2.10.0.pr1,maven,35ab6c768607226a25a9c033675f62707f0fca0f,180d6bc6654e82f0ce29f312734b4cab3498a904,INSTALL,INSTALL,FAIL->FAIL,,0,medium,1,,"[""C:\\depbot-work\\execution_logs\\risdenk__calcite__pr175\\risdenk__calcite__pr175__BEFORE__INSTALL__att1.stdout.txt"", ""C:\\depbot-work\\execution_logs\\risdenk__calcite__pr175\\risdenk__calcite__pr175__BEFORE__INSTALL__att1.stderr.txt"", ""C:\\depbot-work\\execution_logs\\risdenk__calcite__pr175\\risdenk__calcite__pr175__AFTER__INSTALL__att1.stdout.txt"", ""C:\\depbot-work\\execution_logs\\risdenk__calcite__pr175\\risdenk__calcite__pr175__AFTER__INSTALL__att1.stderr.txt""]",,2026-07-30 00:49:41,[Security] Bump jackson.version from 2.9.8 to 2.10.0.pr1,2019-07-22 12:04:00,partition1_xlsx
UnionVMS/UVMS-MovementRulesModule-APP,48,xstream,1.4.10,1.4.10-java7,maven,966a306bb98a24608a4a75975fd56ddb71625dcc,7f8f522e440547214dde913ca28e7186ef322354,INSTALL,INSTALL,FAIL->FAIL,,0,medium,1,,"[""C:\\depbot-work\\execution_logs\\UnionVMS__UVMS-MovementRulesModule-APP__pr48\\UnionVMS__UVMS-MovementRulesModule-APP__pr48__BEFORE__INSTALL__att1.stdout.txt"", ""C:\\depbot-work\\execution_logs\\UnionVMS__UVMS-MovementRulesModule-APP__pr48\\UnionVMS__UVMS-MovementRulesModule-APP__pr48__BEFORE__INSTALL__att1.stderr.txt"", ""C:\\depbot-work\\execution_logs\\UnionVMS__UVMS-MovementRulesModule-APP__pr48\\UnionVMS__UVMS-MovementRulesModule-APP__pr48__AFTER__INSTALL__att1.stdout.txt"", ""C:\\depbot-work\\execution_logs\\UnionVMS__UVMS-MovementRulesModule-APP__pr48\\UnionVMS__UVMS-MovementRulesModule-APP__pr48__AFTER__INSTALL__att1.stderr.txt""]",,2026-07-30 00:49:45,[Security] Bump xstream from 1.4.10 to 1.4.10-java7,2018-06-14 09:25:10,partition1_xlsx
michelin/suricate,29,com.lowagie:itext,2.1.7,4.2.2,maven,ca8f55b2da03e65c0c6e870f438cdc3083519557,d9251329568442bb0844a0e331ffb958ec88e257,INSTALL,INSTALL,FAIL->FAIL,,0,medium,1,,"[""C:\\depbot-work\\execution_logs\\michelin__suricate__pr29\\michelin__suricate__pr29__BEFORE__INSTALL__att1.stdout.txt"", ""C:\\depbot-work\\execution_logs\\michelin__suricate__pr29\\michelin__suricate__pr29__BEFORE__INSTALL__att1.stderr.txt"", ""C:\\depbot-work\\execution_logs\\michelin__suricate__pr29\\michelin__suricate__pr29__AFTER__INSTALL__att1.stdout.txt"", ""C:\\depbot-work\\execution_logs\\michelin__suricate__pr29\\michelin__suricate__pr29__AFTER__INSTALL__att1.stderr.txt""]",,2026-07-30 00:49:49,Bump com.lowagie:itext from 2.1.7 to 4.2.2 in /backend,2018-02-13 07:12:23,partition1_xlsx
michelin/suricate,25,org.apache.directory.server:apacheds-core,1.5.5,2.0.0-M24,maven,ca8f55b2da03e65c0c6e870f438cdc3083519557,741cce1772a49d06da5971c48b06ed12c81f9137,INSTALL,INSTALL,FAIL->FAIL,,0,medium,1,,"[""C:\\depbot-work\\execution_logs\\michelin__suricate__pr25\\michelin__suricate__pr25__BEFORE__INSTALL__att1.stdout.txt"", ""C:\\depbot-work\\execution_logs\\michelin__suricate__pr25\\michelin__suricate__pr25__BEFORE__INSTALL__att1.stderr.txt"", ""C:\\depbot-work\\execution_logs\\michelin__suricate__pr25\\michelin__suricate__pr25__AFTER__INSTALL__att1.stdout.txt"", ""C:\\depbot-work\\execution_logs\\michelin__suricate__pr25\\michelin__suricate__pr25__AFTER__INSTALL__att1.stderr.txt""]",,2026-07-30 00:49:54,Bump org.apache.directory.server:apacheds-core from 1.5.5 to 2.0.0-M24 in /backend,2018-02-13 07:12:13,partition1_xlsx
michelin/suricate,22,org.glassfish.web:el-impl,2.2,2.2.1-b05,maven,ca8f55b2da03e65c0c6e870f438cdc3083519557,b02c570d7c14eaefa7d1c8565a4ac77cfde44a42,INSTALL,INSTALL,FAIL->FAIL,,0,medium,1,,"[""C:\\depbot-work\\execution_logs\\michelin__suricate__pr22\\michelin__suricate__pr22__BEFORE__INSTALL__att1.stdout.txt"", ""C:\\depbot-work\\execution_logs\\michelin__suricate__pr22\\michelin__suricate__pr22__BEFORE__INSTALL__att1.stderr.txt"", ""C:\\depbot-work\\execution_logs\\michelin__suricate__pr22\\michelin__suricate__pr22__AFTER__INSTALL__att1.stdout.txt"", ""C:\\depbot-work\\execution_logs\\michelin__suricate__pr22\\michelin__suricate__pr22__AFTER__INSTALL__att1.stderr.txt""]",,2026-07-30 00:49:57,Bump org.glassfish.web:el-impl from 2.2 to 2.2.1-b05 in /backend,2018-02-13 07:12:10,partition1_xlsx
michelin/suricate,19,org.apache.directory.server:apacheds-core-entry,1.5.5,1.5.7,maven,ca8f55b2da03e65c0c6e870f438cdc3083519557,bcc756ff224e732963197899c44004e07bbb9291,INSTALL,INSTALL,FAIL->FAIL,,0,medium,1,,"[""C:\\depbot-work\\execution_logs\\michelin__suricate__pr19\\michelin__suricate__pr19__BEFORE__INSTALL__att1.stdout.txt"", ""C:\\depbot-work\\execution_logs\\michelin__suricate__pr19\\michelin__suricate__pr19__BEFORE__INSTALL__att1.stderr.txt"", ""C:\\depbot-work\\execution_logs\\michelin__suricate__pr19\\michelin__suricate__pr19__AFTER__INSTALL__att1.stdout.txt"", ""C:\\depbot-work\\execution_logs\\michelin__suricate__pr19\\michelin__suricate__pr19__AFTER__INSTALL__att1.stderr.txt""]",,2026-07-30 00:50:01,Bump org.apache.directory.server:apacheds-core-entry from 1.5.5 to 1.5.7 in /backend,2018-02-13 07:12:04,partition1_xlsx
michelin/suricate,17,org.apache.directory.server:apacheds-protocol-shared,1.5.5,2.0.0-M24,maven,ca8f55b2da03e65c0c6e870f438cdc3083519557,f82d71508c59db4fa1a991e2f233fd45ff6959bd,INSTALL,INSTALL,FAIL->FAIL,,0,medium,1,,"[""C:\\depbot-work\\execution_logs\\michelin__suricate__pr17\\michelin__suricate__pr17__BEFORE__INSTALL__att1.stdout.txt"", ""C:\\depbot-work\\execution_logs\\michelin__suricate__pr17\\michelin__suricate__pr17__BEFORE__INSTALL__att1.stderr.txt"", ""C:\\depbot-work\\execution_logs\\michelin__suricate__pr17\\michelin__suricate__pr17__AFTER__INSTALL__att1.stdout.txt"", ""C:\\depbot-work\\execution_logs\\michelin__suricate__pr17\\michelin__suricate__pr17__AFTER__INSTALL__att1.stderr.txt""]",,2026-07-30 00:50:06,Bump org.apache.directory.server:apacheds-protocol-shared from 1.5.5 to 2.0.0-M24 in /backend,2018-02-13 07:12:03,partition1_xlsx
michelin/suricate,11,org.apache.directory.server:apacheds-server-jndi,1.5.5,2.0.0-M24,maven,ca8f55b2da03e65c0c6e870f438cdc3083519557,408484e85ec5b8b19beadd522fd5115d2d1587d1,INSTALL,INSTALL,FAIL->FAIL,,0,medium,1,,"[""C:\\depbot-work\\execution_logs\\michelin__suricate__pr11\\michelin__suricate__pr11__BEFORE__INSTALL__att1.stdout.txt"", ""C:\\depbot-work\\execution_logs\\michelin__suricate__pr11\\michelin__suricate__pr11__BEFORE__INSTALL__att1.stderr.txt"", ""C:\\depbot-work\\execution_logs\\michelin__suricate__pr11\\michelin__suricate__pr11__AFTER__INSTALL__att1.stdout.txt"", ""C:\\depbot-work\\execution_logs\\michelin__suricate__pr11\\michelin__suricate__pr11__AFTER__INSTALL__att1.stderr.txt""]",,2026-07-30 00:52:00,Bump org.apache.directory.server:apacheds-server-jndi from 1.5.5 to 2.0.0-M24 in /backend,2018-02-13 07:11:49,partition1_xlsx
michelin/suricate,2,org.apache.directory.server:apacheds-protocol-ldap,1.5.5,2.0.0-M24,maven,c660245573af2f29fe106f4bca8e5e1758e9083f,6731f5af2d2f9b685771a7f14305e5ab1bd5d865,INSTALL,INSTALL,FAIL->FAIL,,0,medium,1,,"[""C:\\depbot-work\\execution_logs\\michelin__suricate__pr2\\michelin__suricate__pr2__BEFORE__INSTALL__att1.stdout.txt"", ""C:\\depbot-work\\execution_logs\\michelin__suricate__pr2\\michelin__suricate__pr2__BEFORE__INSTALL__att1.stderr.txt"", ""C:\\depbot-work\\execution_logs\\michelin__suricate__pr2\\michelin__suricate__pr2__AFTER__INSTALL__att1.stdout.txt"", ""C:\\depbot-work\\execution_logs\\michelin__suricate__pr2\\michelin__suricate__pr2__AFTER__INSTALL__att1.stderr.txt""]",,2026-07-30 00:52:08,Bump org.apache.directory.server:apacheds-protocol-ldap from 1.5.5 to 2.0.0-M24 in /backend,2018-02-12 15:07:30,partition1_xlsx
risdenk/calcite,12,xalan,2.7.1,2.7.2,maven,6a22cc25f9f7d083f30ff361d8c907f4d6173737,0e856ada06733e788621e856325c9a60255f51ad,INSTALL,INSTALL,FAIL->FAIL,,0,medium,1,,"[""C:\\depbot-work\\execution_logs\\risdenk__calcite__pr12\\risdenk__calcite__pr12__BEFORE__INSTALL__att1.stdout.txt"", ""C:\\depbot-work\\execution_logs\\risdenk__calcite__pr12\\risdenk__calcite__pr12__BEFORE__INSTALL__att1.stderr.txt"", ""C:\\depbot-work\\execution_logs\\risdenk__calcite__pr12\\risdenk__calcite__pr12__AFTER__INSTALL__att1.stdout.txt"", ""C:\\depbot-work\\execution_logs\\risdenk__calcite__pr12\\risdenk__calcite__pr12__AFTER__INSTALL__att1.stderr.txt""]",,2026-07-30 00:53:05,[Security] Bump xalan from 2.7.1 to 2.7.2,2018-09-01 14:53:39,partition1_xlsx
viur-framework/viur-core,332,pillow,8.2.0,8.3.2,pip,8728291e9abb9113c927e88285ebd52532c61ce1,7e9205640acc8e525f430d92786fdaaf2d4f4c3a,INSTALL,INSTALL,FAIL->FAIL,,0,medium,1,,"[""C:\\depbot-work\\execution_logs\\viur-framework__viur-core__pr332\\viur-framework__viur-core__pr332__BEFORE__INSTALL__att1.stdout.txt"", ""C:\\depbot-work\\execution_logs\\viur-framework__viur-core__pr332\\viur-framework__viur-core__pr332__BEFORE__INSTALL__att1.stderr.txt"", ""C:\\depbot-work\\execution_logs\\viur-framework__viur-core__pr332\\viur-framework__viur-core__pr332__AFTER__INSTALL__att1.stdout.txt"", ""C:\\depbot-work\\execution_logs\\viur-framework__viur-core__pr332\\viur-framework__viur-core__pr332__AFTER__INSTALL__att1.stderr.txt""]",,2026-07-30 04:51:40,Bump pillow from 8.2.0 to 8.3.2,2021-09-08T14:19:11Z,partition2_json
BMeu/Orchard,59,Flask,0.12.2,1.0,pip,c136e901a0521b7e698a72251e149c6974cd47ae,a89f8a592e21bb462493ec0c390faaacc44c43aa,INSTALL,INSTALL,FAIL->FAIL,,0,medium,1,,"[""C:\\depbot-work\\execution_logs\\BMeu__Orchard__pr59\\BMeu__Orchard__pr59__BEFORE__INSTALL__att1.stdout.txt"", ""C:\\depbot-work\\execution_logs\\BMeu__Orchard__pr59\\BMeu__Orchard__pr59__BEFORE__INSTALL__att1.stderr.txt"", ""C:\\depbot-work\\execution_logs\\BMeu__Orchard__pr59\\BMeu__Orchard__pr59__AFTER__INSTALL__att1.stdout.txt"", ""C:\\depbot-work\\execution_logs\\BMeu__Orchard__pr59\\BMeu__Orchard__pr59__AFTER__INSTALL__att1.stderr.txt""]",,2026-07-30 04:52:05,[Security] Bump Flask from 0.12.2 to 1.0,2018-04-27 04:13:28,partition1_xlsx
sloria/cosroom,44,gunicorn,19.1.1,19.9.0,pip,a409b6d6a6a500e281eb6c7c55b7f7af77806476,bd9328d08bf90a192a058fd812b7d8a9bfa93764,PASS,PASS,PASS->PASS,,0,medium,1,,"[""C:\\depbot-work\\execution_logs\\sloria__cosroom__pr44\\sloria__cosroom__pr44__BEFORE__INSTALL__att1.stdout.txt"", ""C:\\depbot-work\\execution_logs\\sloria__cosroom__pr44\\sloria__cosroom__pr44__BEFORE__TEST__att1.stdout.txt"", ""C:\\depbot-work\\execution_logs\\sloria__cosroom__pr44\\sloria__cosroom__pr44__BEFORE__INSTALL__att1.stderr.txt"", ""C:\\depbot-work\\execution_logs\\sloria__cosroom__pr44\\sloria__cosroom__pr44__BEFORE__TEST__att1.stderr.txt"", ""C:\\depbot-work\\execution_logs\\sloria__cosroom__pr44\\sloria__cosroom__pr44__AFTER__INSTALL__att1.stdout.txt"", ""C:\\depbot-work\\execution_logs\\sloria__cosroom__pr44\\sloria__cosroom__pr44__AFTER__TEST__att1.stdout.txt"", ""C:\\depbot-work\\execution_logs\\sloria__cosroom__pr44\\sloria__cosroom__pr44__AFTER__INSTALL__att1.stderr.txt"", ""C:\\depbot-work\\execution_logs\\sloria__cosroom__pr44\\sloria__cosroom__pr44__AFTER__TEST__att1.stderr.txt""]",,2026-07-30 04:57:34,[Security] Bump gunicorn from 19.1.1 to 19.9.0,2018-07-30 14:40:49,partition1_xlsx
ofershap/tiny-queue,25,,,,npm,,,PASS,PASS,PASS->PASS,,0,,0,,,,2026-07-30 06:54:29,build(deps-dev): Bump the all-dependencies group with 3 updates,2026-07-30T05:07:32Z,live_github_api
asaltveit/asaltveit.github.io,349,,,,npm,,,PASS,PASS,PASS->PASS,,0,,0,,,,2026-07-30 06:56:32,Bump baseline-browser-mapping from 2.11.6 to 2.11.7,2026-07-30T05:06:51Z,live_github_api
HalleSoftware/WebSite,776,,,,npm,,,PASS,PASS,PASS->PASS,,0,,0,,,,2026-07-30 16:30:21,Bump postcss from 8.5.24 to 8.5.25,2026-07-30T05:04:57Z,live_github_api
HalleSoftware/WebSite,775,,,,npm,,,PASS,PASS,PASS->PASS,,0,,0,,,,2026-07-30 16:31:28,Bump astro from 7.1.5 to 7.1.6,2026-07-30T05:04:41Z,live_github_api
juanjoGonDev/fastypest,1677,,,,npm,,,TEST,TEST,FAIL->FAIL,,0,,0,,,,2026-07-30 16:31:47,chore(deps-dev): bump @swc/core from 1.15.46 to 1.15.47,2026-07-30T05:03:58Z,live_github_api
distantcam/metagala.xyz,369,,,,npm,,,PASS,PASS,PASS->PASS,,0,,0,,,,2026-07-30 16:32:19,Bump postcss from 8.5.24 to 8.5.25,2026-07-30T05:02:56Z,live_github_api
Hardonian/support-autopilot,47,,,,npm,,,PASS,PASS,PASS->PASS,,0,,0,,,,2026-07-30 16:32:39,Bump tsx from 4.22.4 to 4.23.1,2026-07-30T05:01:31Z,live_github_api
Hardonian/support-autopilot,46,,,,npm,,,PASS,PASS,PASS->PASS,,0,,0,,,,2026-07-30 16:32:56,Bump chalk from 5.6.2 to 6.0.0,2026-07-30T05:01:02Z,live_github_api
mdecalza/mdecalza.github.io,411,,,,npm,,,PASS,PASS,PASS->PASS,,0,,0,,,,2026-07-30 16:33:21,Bump postcss from 8.5.15 to 8.5.25,2026-07-30T04:57:41Z,live_github_api
qyangcv/zopilot,25,,,,npm,,,TEST,TEST,FAIL->FAIL,,0,,0,,,,2026-07-30 16:46:09,chore(deps): bump the markdown-rendering group with 4 updates,2026-07-30T04:57:17Z,live_github_api
mdecalza/mdecalza.github.io,410,,,,npm,,,PASS,PASS,PASS->PASS,,0,,0,,,,2026-07-30 16:46:25,Bump js-yaml from 4.2.0 to 4.3.0,2026-07-30T04:56:00Z,live_github_api
Rexezuge-AmazonWebServices/M365-Renew-V2,164,,,,npm,,,PASS,PASS,PASS->PASS,,0,,0,,,,2026-07-30 16:46:56,Build(deps-dev): bump typescript-eslint from 8.64.0 to 8.65.0,2026-07-30T04:55:43Z,live_github_api
Rexezuge-CloudflareWorkers/UUID-Generator,91,,,,unknown,,,PASS,PASS,PASS->PASS,,0,,0,,,,2026-07-30 16:47:23,Build(deps-dev): Bump vite from 8.1.4 to 8.1.5,2026-07-30T04:55:13Z,live_github_api
Rexezuge-CloudflareWorkers/UUID-Generator,90,,,,npm,,,PASS,PASS,PASS->PASS,,0,,0,,,,2026-07-30 16:47:49,Build(deps-dev): Bump wrangler from 4.113.0 to 4.115.0,2026-07-30T04:54:54Z,live_github_api
ricardomb-tech/reto-02,3,,,,pip,,,PASS,INSTALL,PASS->FAIL,,0,,0,,,,2026-07-30 16:47:53,Bump pytest from 8.2.2 to 9.0.3,2026-07-30T04:54:50Z,live_github_api
pcg-x-aws/cdk-iamuserwithaccesskey,557,,,,npm,,,PASS,PASS,PASS->PASS,,0,,0,,,,2026-07-30 16:49:59,chore(deps-dev): bump jsii from 5.9.48 to 5.9.49,2026-07-30T04:54:32Z,live_github_api
pcg-x-aws/cdk-iamuserwithaccesskey,556,,,,npm,,,PASS,PASS,PASS->PASS,,0,,0,,,,2026-07-30 16:52:05,chore(deps-dev): bump jsii from 5.9.44 to 5.9.49,2026-07-30T04:54:31Z,live_github_api
Rexezuge-CloudflareWorkers/UUID-Generator,89,,,,npm,,,PASS,PASS,PASS->PASS,,0,,0,,,,2026-07-30 17:03:42,Build(deps-dev): Bump globals from 17.7.0 to 17.8.0,2026-07-30T04:54:29Z,live_github_api
pcg-x-aws/cdk-iamuserwithaccesskey,555,,,,npm,,,PASS,PASS,PASS->PASS,,0,,0,,,,2026-07-30 17:05:39,chore(deps-dev): bump jsii-rosetta from 5.9.57 to 5.9.58,2026-07-30T04:54:21Z,live_github_api
Rexezuge-CloudflareWorkers/UUID-Generator,88,,,,unknown,,,PASS,PASS,PASS->PASS,,0,,0,,,,2026-07-30 17:47:01,Build(deps-dev): Bump @types/node from 26.1.1 to 26.1.2,2026-07-30T04:54:10Z,live_github_api
pcg-x-aws/cdk-iamuserwithaccesskey,553,,,,npm,,,PASS,PASS,PASS->PASS,,0,,0,,,,2026-07-30 17:49:08,chore(deps-dev): bump ts-jest from 29.4.11 to 29.4.12,2026-07-30T04:54:08Z,live_github_api
pcg-x-aws/cdk-iamuserwithaccesskey,552,,,,npm,,,PASS,PASS,PASS->PASS,,0,,0,,,,2026-07-30 17:51:13,chore(deps-dev): bump jsii-docgen from 10.12.4 to 10.12.5,2026-07-30T04:54:08Z,live_github_api
fluxzero-io/fluxzero-dev-server,23,,,,maven,,,BUILD,BUILD,FAIL->FAIL,,0,,0,,,,2026-07-30 17:52:18,deps: bump fluxzero.version from 1.232.2 to 1.232.5,2026-07-30T04:54:07Z,live_github_api
pcg-x-aws/cdk-iamuserwithaccesskey,551,,,,npm,,,PASS,PASS,PASS->PASS,,0,,0,,,,2026-07-30 17:54:24,chore(deps-dev): bump jsii-docgen from 10.12.4 to 10.12.5,2026-07-30T04:54:01Z,live_github_api
pcg-x-aws/cdk-iamuserwithaccesskey,550,,,,npm,,,PASS,PASS,PASS->PASS,,0,,0,,,,2026-07-30 17:56:23,chore(deps-dev): bump jsii-diff from 1.138.0 to 1.139.0,2026-07-30T04:53:58Z,live_github_api
pcg-x-aws/cdk-iamuserwithaccesskey,549,,,,npm,,,PASS,PASS,PASS->PASS,,0,,0,,,,2026-07-30 17:58:26,chore(deps-dev): bump jsii-pacmak from 1.138.0 to 1.139.0,2026-07-30T04:53:48Z,live_github_api
qyangcv/zopilot,22,,,,npm,,,TEST,TEST,FAIL->FAIL,,0,,0,,,,2026-07-30 17:59:45,chore(deps): bump the all-non-major group across 1 directory with 17 updates,2026-07-30T04:53:22Z,live_github_api
CrepesJS/WebSite,938,,,,npm,,,PASS,PASS,PASS->PASS,,0,,0,,,,2026-07-30 18:01:03,Bump postcss from 8.5.24 to 8.5.25,2026-07-30T04:53:08Z,live_github_api
lucasmazza/dependabot-playground,161,,,,npm,,,PASS,PASS,PASS->PASS,,0,,0,,,,2026-07-30 18:01:09,Bump axios from 1.18.1 to 1.19.0,2026-07-30T04:52:51Z,live_github_api
wazum/sluggi,146,,,,npm,,,TEST,TEST,FAIL->FAIL,,0,,0,,,,2026-07-30 18:01:38,Bump the build-tooling group with 7 updates,2026-07-30T04:52:47Z,live_github_api
JegFa11er/Keyhala2,2,,,,npm,,,PASS,PASS,PASS->PASS,,0,,0,,,,2026-07-30 23:31:21,Bump the production-dependencies group with 7 updates,2026-07-30T18:57:24Z,live_github_api
home-assistant/zwa2-toolbox,74,,,,npm,,,PASS,PASS,PASS->PASS,,0,,0,,,,2026-07-30 23:33:04,"chore(deps): bump brace-expansion, eslint, typescript-eslint and zwave-js",2026-07-30T18:55:39Z,live_github_api
bymaxone/nest-queue,39,,,,unknown,,,PASS,TEST,PASS->FAIL,,0,,0,,,,2026-07-30 23:35:54,chore(deps): bump bullmq from 5.79.1 to 5.81.2,2026-07-30T18:53:04Z,live_github_api
Aerya/nexotv-enhanced,49,,,,npm,,,PASS,PASS,PASS->PASS,,0,,0,,,,2026-07-30 23:37:38,npm: bump the npm-minor-and-patch group with 8 updates,2026-07-30T18:49:38Z,live_github_api
mikeymcfish/component-catalog-app,13,,,,npm,,,PASS,PASS,PASS->PASS,,0,,0,,,,2026-07-30 23:44:51,deps: bump zod-validation-error from 3.5.4 to 5.0.0,2026-07-30T18:48:36Z,live_github_api
humanaios-ui/operations,156,,,,pip,,,TEST,TEST,FAIL->FAIL,,0,,0,,,,2026-07-30 23:45:04,"build(deps): update pydantic requirement from <3,>=2.6 to >=2.13.4,<3",2026-07-30T18:47:04Z,live_github_api
AYA-Informatica/MyLo,10,,,,npm,,,TEST,TEST,FAIL->FAIL,,0,,0,,,,2026-07-30 23:45:18,Bump the minor-and-patch group in /MyLo-frontend with 18 updates,2026-07-30T18:43:55Z,live_github_api
shishobooks/shisho,423,,,,npm,,,PASS,PASS,PASS->PASS,,0,,0,,,,2026-07-30 23:50:14,Bump the minor-and-patch group across 1 directory with 5 updates,2026-07-30T18:41:37Z,live_github_api
matchory/template-typescript,1,,,,npm,,,PASS,PASS,PASS->PASS,,0,,0,,,,2026-07-30 23:50:39,"Bump the ""app"" group with 1 update across multiple ecosystems",2026-07-30T18:41:35Z,live_github_api
lllauge/lumora-women,11,,,,npm,,,PASS,PASS,PASS->PASS,,0,,0,,,,2026-07-30 23:52:31,Bump the security-and-patches group across 1 directory with 17 updates,2026-07-30T18:39:25Z,live_github_api
Quitch/Queller-AI,75,,,,npm,,,PASS,PASS,PASS->PASS,,0,,0,,,,2026-07-30 23:52:38,Bump lodash from 3.9.3 to 4.18.1,2026-07-30T18:35:33Z,live_github_api
golang/telemetry,29,,,,npm,,,PASS,PASS,PASS->PASS,,0,,0,,,,2026-07-30 23:52:59,build(deps): bump postcss from 8.4.23 to 8.5.25,2026-07-30T18:34:43Z,live_github_api
lunasans/movieshelf-desktop,79,,,,npm,,,TEST,TEST,FAIL->FAIL,,0,,0,,,,2026-07-30 23:53:40,chore(deps-dev): bump postcss from 8.5.14 to 8.5.25 in the npm_and_yarn group across 1 directory,2026-07-30T18:30:36Z,live_github_api
sfuchs-de/mdlyx,1,,,,cargo,,,INSTALL,INSTALL,FAIL->FAIL,,0,,0,,,,2026-07-30 23:53:41,Bump base64 from 0.22.1 to 0.23.0 in /src-tauri,2026-07-30T18:23:19Z,live_github_api
bymaxone/nest-queue,37,,,,unknown,,,PASS,PASS,PASS->PASS,,0,,0,,,,2026-07-30 23:55:06,chore(deps): bump @nestjs/core from 11.1.27 to 11.1.28,2026-07-30T18:14:55Z,live_github_api
bymaxone/nest-queue,32,,,,unknown,,,PASS,PASS,PASS->PASS,,0,,0,,,,2026-07-30 23:57:37,chore(deps-dev): bump the dev-dependencies group across 1 directory with 7 updates,2026-07-30T18:13:49Z,live_github_api
WrongStack/WrongStack,330,,,,npm,,,TEST,INSTALL,FAIL->FAIL,,0,,0,,,,2026-07-30 23:58:44,chore(deps): bump the patch-and-minor group across 1 directory with 11 updates,2026-07-30T18:10:54Z,live_github_api
AISTUDIO-ML/Lamarck-Website,20,,,,npm,,,PASS,PASS,PASS->PASS,,0,,0,,,,2026-07-31 00:00:07,Bump vite and @vitejs/plugin-react-swc,2026-07-30T18:08:37Z,live_github_api
Jstn-1g/what-in-the-tax,63,,,,npm,,,PASS,PASS,PASS->PASS,,0,,0,,,,2026-07-31 00:00:36,Bump vite from 7.3.6 to 8.1.5 in /web,2026-07-30T18:08:18Z,live_github_api
Jstn-1g/what-in-the-tax,61,,,,npm,,,PASS,PASS,PASS->PASS,,0,,0,,,,2026-07-31 00:00:59,Bump wrangler from 4.114.0 to 4.116.0,2026-07-30T18:08:03Z,live_github_api
HaithamAlMaamari/tablevote,13,,,,npm,,,PASS,PASS,PASS->PASS,,0,,0,,,,2026-07-31 00:02:23,Bump the routine-npm-updates group with 9 updates,2026-07-30T18:06:53Z,live_github_api
slingr-stack/framewor-poc-1,1,,,,npm,,,PASS,PASS,PASS->PASS,,0,,0,,,,2026-07-31 00:03:30,Bump typeorm from 0.3.25 to 0.3.31,2026-07-30T18:02:51Z,live_github_api
ChewBaccaYeti/JavaScript,44,,,,npm,,,TEST,TEST,FAIL->FAIL,,0,,0,,,,2026-07-31 00:04:32,Bump the npm_and_yarn group across 2 directories with 24 updates,2026-07-30T17:59:15Z,live_github_api
jacquesh82/tictacdoh,2,,,,npm,,,PASS,PASS,PASS->PASS,,0,,0,,,,2026-07-31 00:05:02,Bump vitest from 2.1.9 to 3.2.6,2026-07-30T17:56:32Z,live_github_api
AlexGreenUK/XS-Shlink-MCP,3,,,,npm,,,PASS,TEST,PASS->FAIL,,0,,0,,,,2026-07-31 00:05:20,Bump zod from 3.25.76 to 4.4.3,2026-07-30T17:56:10Z,live_github_api
bahromzone/designora,197,,,,npm,,,PASS,PASS,PASS->PASS,,0,,0,,,,2026-07-31 00:05:30,build(deps): frontend dependency update paused,2026-07-30T17:55:37Z,live_github_api
Enterprise-CMCS/macsuite-aisuite,3,,,,unknown,,,PASS,INSTALL,PASS->FAIL,,0,,0,,,,2026-07-31 00:06:09,Bump postcss from 8.5.16 to 8.5.25 in the npm_and_yarn group across 1 directory,2026-07-30T17:52:47Z,live_github_api
obcode/epl.gui,7,,,,npm,,,PASS,INSTALL,PASS->FAIL,,0,,0,,,,2026-07-31 00:07:18,chore(deps-dev): bump the development-dependencies group with 3 updates,2026-07-30T17:52:20Z,live_github_api
Willpatpost/Sokomind5,6,,,,npm,,,PASS,TEST,PASS->FAIL,,0,,0,,,,2026-07-31 00:08:01,Bump the development-dependencies group with 6 updates,2026-07-30T17:46:10Z,live_github_api
leejianrong/sibei-score,6,,,,npm,,,PASS,PASS,PASS->PASS,,0,,0,,,,2026-07-31 00:08:30,chore(deps): Bump jsdom from 26.1.0 to 30.0.1 in the render group,2026-07-30T17:45:24Z,live_github_api
leejianrong/sibei-score,5,,,,npm,,,PASS,PASS,PASS->PASS,,0,,0,,,,2026-07-31 00:08:50,chore(deps-dev): Bump the dev-tooling group with 4 updates,2026-07-30T17:45:10Z,live_github_api
fuzdev/fuz_code,45,,,,npm,,,TEST,TEST,FAIL->FAIL,,0,,0,,,,2026-07-31 00:09:15,chore(deps-dev): bump @sveltejs/kit from 2.63.0 to 2.70.2 in the npm_and_yarn group across 1 directory,2026-07-30T17:42:31Z,live_github_api
fileworks/media-sorter,26,,,,npm,,,PASS,PASS,PASS->PASS,,0,,0,,,,2026-07-31 00:09:55,chore(deps): bump esbuild and vite in /frontend,2026-07-30T17:41:01Z,live_github_api
rmrose78/rr-dev,38,,,,npm,,,PASS,PASS,PASS->PASS,,0,,0,,,,2026-07-31 00:13:16,chore(deps-dev): bump @vitejs/plugin-react from 6.0.2 to 6.0.5,2026-07-30T17:40:42Z,live_github_api
SheldonFam/FEM-Personal-Finance-APP,40,,,,npm,,,PASS,PASS,PASS->PASS,,0,,0,,,,2026-07-31 00:14:48,chore(deps): bump next from 15.5.9 to 15.5.21 in the npm_and_yarn group across 1 directory,2026-07-30T17:27:54Z,live_github_api
arindamxd/arindamxd.github.io,27,,,,npm,,,PASS,INSTALL,PASS->FAIL,,0,,0,,,,2026-07-31 00:15:02,"Bump vite, @tailwindcss/vite and astro",2026-07-30T17:27:33Z,live_github_api
fileworks/media-sorter,24,,,,npm,,,PASS,PASS,PASS->PASS,,0,,0,,,,2026-07-31 00:15:49,chore(deps): bump brace-expansion and eslint in /frontend,2026-07-30T17:26:36Z,live_github_api
adrienlacombe/buzz,6,,,,unknown,,,PASS,PASS,PASS->PASS,,0,,0,,,,2026-07-31 00:17:23,chore(deps): bump cmov from 0.5.3 to 0.5.4 in the cargo group across 1 directory,2026-07-30T17:26:28Z,live_github_api
ronybrand/nest-order-api,15,,,,npm,,,PASS,TEST,PASS->FAIL,,0,,0,,,,2026-07-31 00:21:03,chore(deps-dev): bump typescript from 6.0.3 to 7.0.2 in the weekly-batch group,2026-07-30T17:25:35Z,live_github_api
rish2jain/ScenarioLab,14,,,,npm,,,PASS,PASS,PASS->PASS,,0,,0,,,,2026-07-31 00:22:20,chore(deps-dev): bump @eslint/eslintrc from 3.3.5 to 3.3.6 in /frontend,2026-07-30T17:24:58Z,live_github_api
Galashots/eldoria,32,,,,pip,,,INSTALL,INSTALL,FAIL->FAIL,,0,,0,,,,2026-07-31 00:22:28,chore(deps): bump numpy from 1.26.4 to 2.5.1 in /tools/pipeline,2026-07-30T17:23:02Z,live_github_api
acidflash/blixt,2,,,,npm,,,PASS,PASS,PASS->PASS,,0,,0,,,,2026-07-31 00:23:09,Bump esbuild and vite,2026-07-30T17:21:37Z,live_github_api
mkhalid-s/mkhalid-s.github.io,28,,,,npm,,,PASS,TEST,PASS->FAIL,,0,,0,,,,2026-07-31 00:24:04,build(deps): Bump react from 19.2.7 to 19.2.8,2026-07-30T17:21:24Z,live_github_api
RikiGomes/woodpecker-mcp,3,,,,npm,,,PASS,TEST,PASS->FAIL,,0,,0,,,,2026-07-31 00:24:24,deps: bump zod from 3.25.76 to 4.4.3,2026-07-30T17:20:32Z,live_github_api
RikiGomes/woodpecker-mcp,1,,,,npm,,,PASS,PASS,PASS->PASS,,0,,0,,,,2026-07-31 00:24:43,deps-dev: bump @types/node from 22.20.1 to 26.1.2,2026-07-30T17:20:20Z,live_github_api
alexknightstudio/unbound-albums,5,,,,npm,,,PASS,PASS,PASS->PASS,,0,,0,,,,2026-07-31 00:27:34,Bump @types/node from 20.19.43 to 26.1.2,2026-07-30T17:15:12Z,live_github_api
divyanshu-iitian/ContextFlux,3,,,,npm,,,PASS,PASS,PASS->PASS,,0,,0,,,,2026-07-31 00:28:07,build(deps-dev): bump @types/node from 24.13.3 to 26.1.2,2026-07-30T17:14:42Z,live_github_api
testing-library/eslint-plugin-jest-dom,447,,,,npm,,,PASS,PASS,PASS->PASS,,0,,0,,,,2026-07-31 00:32:36,chore(deps-dev): bump prettier from 2.8.8 to 3.9.6,2026-07-30T17:13:51Z,live_github_api
SeanStaffiery/moltworker,20,,,,npm,,,PASS,PASS,PASS->PASS,,0,,0,,,,2026-07-31 00:33:26,chore(deps): bump sharp from 0.34.5 to 0.35.2 in the npm_and_yarn group across 1 directory,2026-07-30T17:12:01Z,live_github_api
thangved/sudoku-backtracking,145,,,,npm,,,PASS,PASS,PASS->PASS,,0,,0,,,,2026-07-31 00:33:36,rebase!,2026-07-30T17:06:07Z,live_github_api
mikeymcfish/component-catalog-app,12,,,,npm,,,PASS,PASS,PASS->PASS,,0,,0,,,,2026-07-31 00:36:00,deps: bump express and @types/express,2026-07-30T18:48:31Z,live_github_api
mikeymcfish/component-catalog-app,11,,,,npm,,,PASS,PASS,PASS->PASS,,0,,0,,,,2026-07-31 00:38:14,deps: bump tailwind-merge from 2.6.1 to 3.6.0,2026-07-30T18:48:22Z,live_github_api
AYA-Informatica/MyLo,9,,,,npm,,,TEST,TEST,FAIL->FAIL,,0,,0,,,,2026-07-31 00:38:28,Bump nodemailer from 7.0.13 to 9.0.3 in /MyLo-Backend,2026-07-30T18:43:38Z,live_github_api
steveiliop56/steveiliop56.github.io,87,,,,npm,,,PASS,PASS,PASS->PASS,,0,,0,,,,2026-07-31 00:39:02,chore(deps): bump astro from 6.3.3 to 7.1.6,2026-07-30T17:06:02Z,live_github_api
steveiliop56/steveiliop56.github.io,86,,,,npm,,,PASS,PASS,PASS->PASS,,0,,0,,,,2026-07-31 00:39:25,chore(deps): bump the minor-patch group with 6 updates,2026-07-30T17:05:45Z,live_github_api
southpolesteve/nextane,9,,,,npm,,,TEST,TEST,FAIL->FAIL,,0,,0,,,,2026-07-31 00:39:55,Bump typescript from 5.9.3 to 7.0.2,2026-07-30T17:05:33Z,live_github_api
Rayplsrelax/settleclt2,22,,,,npm,,,TEST,TEST,FAIL->FAIL,,0,,0,,,,2026-07-31 00:41:28,deps: bump the development-dependencies group with 10 updates,2026-07-30T17:04:54Z,live_github_api
spiritledsoftware/commissary,1,,,,npm,,,TEST,INSTALL,FAIL->FAIL,,0,,0,,,,2026-07-31 00:41:44,chore(deps-dev): bump the development-dependencies group with 7 updates,2026-07-30T17:00:22Z,live_github_api
jpsnover/ai-triad-research,226,,,,npm,,,PASS,PASS,PASS->PASS,,0,,0,,,,2026-07-31 00:47:06,chore(deps-dev): Bump typescript from 6.0.3 to 7.0.2 in /taxonomy-editor,2026-07-30T16:55:01Z,live_github_api
francojeferson/todo_app,12,,,,npm,,,PASS,PASS,PASS->PASS,,0,,0,,,,2026-07-31 00:48:49,build(deps-dev): bump @types/node from 22.15.24 to 26.1.2,2026-07-30T16:54:54Z,live_github_api
francojeferson/canvas-llm-builder,23,,,,npm,,,PASS,PASS,PASS->PASS,,0,,0,,,,2026-07-31 00:51:03,build(deps): bump zod from 3.24.2 to 4.4.3,2026-07-30T16:54:11Z,live_github_api
francojeferson/memory-game,15,,,,npm,,,PASS,PASS,PASS->PASS,,0,,0,,,,2026-07-31 00:53:33,build(deps): bump @testing-library/jest-dom from 6.6.3 to 7.0.0,2026-07-30T16:53:34Z,live_github_api
alexknightstudio/unbound-albums,1,,,,npm,,,PASS,PASS,PASS->PASS,,0,,0,,,,2026-07-31 00:56:22,Bump next from 16.2.10 to 16.2.11,2026-07-30T16:52:32Z,live_github_api
rahmanef63/codex-build-week,17,,,,npm,,,PASS,PASS,PASS->PASS,,0,,0,,,,2026-07-31 00:58:40,build(deps): bump the npm-dependencies group with 2 updates,2026-07-30T16:50:12Z,live_github_api
salanton/Mixmetry,5,,,,npm,,,PASS,PASS,PASS->PASS,,0,,0,,,,2026-07-31 00:59:15,chore(deps-dev): bump @playwright/test from 1.62.0 to 1.62.1,2026-07-30T16:46:59Z,live_github_api
SUaDtL/singedTerra,210,,,,npm,,,PASS,PASS,PASS->PASS,,0,,0,,,,2026-07-31 01:08:31,chore(deps): bump the minor-and-patch group across 1 directory with 4 updates,2026-07-30T16:41:56Z,live_github_api
riva-labs/bosphor,214,,,,npm,,,TEST,TEST,FAIL->FAIL,,0,,0,,,,2026-07-31 01:27:07,chore(deps): bump the minor-and-patch group across 1 directory with 13 updates,2026-07-30T16:21:05Z,live_github_api
primeroIMS/primero-kiosk,16,,,,gem,,,INSTALL,INSTALL,FAIL->FAIL,,0,,0,,,,2026-07-31 01:27:15,Bump rails from 8.1.3 to 8.1.3.1,2026-07-30T16:14:49Z,live_github_api
mikeymcfish/component-catalog-app,10,,,,npm,,,PASS,PASS,PASS->PASS,,0,,0,,,,2026-07-31 01:29:16,deps: bump @hookform/resolvers from 3.10.0 to 5.5.7,2026-07-30T18:48:14Z,live_github_api
bymaxone/nest-queue,36,,,,unknown,,,PASS,TEST,PASS->FAIL,,0,,0,,,,2026-07-31 01:31:31,chore(deps): bump bullmq from 5.79.1 to 5.81.3,2026-07-30T18:14:44Z,live_github_api
AISTUDIO-ML/Lamarck-Website,19,,,,npm,,,PASS,PASS,PASS->PASS,,0,,0,,,,2026-07-31 01:33:02,Bump esbuild and vite,2026-07-30T18:08:26Z,live_github_api
Jstn-1g/what-in-the-tax,62,,,,npm,,,PASS,PASS,PASS->PASS,,0,,0,,,,2026-07-31 01:33:31,Bump typescript from 5.9.3 to 7.0.2 in /web,2026-07-30T18:08:10Z,live_github_api
AlexGreenUK/XS-Shlink-MCP,2,,,,npm,,,PASS,PASS,PASS->PASS,,0,,0,,,,2026-07-31 01:33:51,Bump @types/node from 24.13.3 to 26.1.2,2026-07-30T17:56:04Z,live_github_api
ChrAu/feed2mastodon,441,,,,maven,,,BUILD,BUILD,FAIL->FAIL,,0,,0,,,,2026-07-31 01:36:21,feat(deps): bump com.google.genai:google-genai from 1.63.0 to 1.64.0,2026-07-30T17:43:11Z,live_github_api
redhat-actions/openshift-tools-installer,154,,,,npm,,,PASS,PASS,PASS->PASS,,0,,0,,,,2026-07-31 01:37:22,Bump webpack from 5.108.4 to 5.109.2,2026-07-30T17:32:56Z,live_github_api
rish2jain/ScenarioLab,13,,,,npm,,,PASS,PASS,PASS->PASS,,0,,0,,,,2026-07-31 01:38:38,chore(deps): bump lucide-react from 0.323.0 to 1.28.0 in /frontend,2026-07-30T17:24:56Z,live_github_api
acidflash/blixt,1,,,,npm,,,PASS,PASS,PASS->PASS,,0,,0,,,,2026-07-31 01:39:17,Bump the npm_and_yarn group across 1 directory with 3 updates,2026-07-30T17:21:27Z,live_github_api
mkhalid-s/mkhalid-s.github.io,27,,,,npm,,,PASS,PASS,PASS->PASS,,0,,0,,,,2026-07-31 01:40:19,build(deps): Bump @fontsource-variable/inter from 5.2.8 to 5.3.0,2026-07-30T17:21:15Z,live_github_api
alexknightstudio/unbound-albums,6,,,,npm,,,PASS,PASS,PASS->PASS,,0,,0,,,,2026-07-31 01:42:52,Bump eslint from 9.39.5 to 10.8.0,2026-07-30T17:15:25Z,live_github_api
alexknightstudio/unbound-albums,3,,,,npm,,,PASS,PASS,PASS->PASS,,0,,0,,,,2026-07-31 01:44:47,Bump the dependencies group with 14 updates,2026-07-30T17:14:50Z,live_github_api
testing-library/eslint-plugin-jest-dom,446,,,,npm,,,PASS,TEST,PASS->FAIL,,0,,0,,,,2026-07-31 01:47:08,chore(deps-dev): bump eslint from 8.57.1 to 10.8.0,2026-07-30T17:13:38Z,live_github_api
thangved/sudoku-backtracking,142,,,,npm,,,PASS,PASS,PASS->PASS,,0,,0,,,,2026-07-31 01:47:20,rebase!,2026-07-30T17:05:31Z,live_github_api
southpolesteve/nextane,8,,,,npm,,,TEST,TEST,FAIL->FAIL,,0,,0,,,,2026-07-31 01:47:51,Bump @types/node from 24.13.3 to 26.1.2,2026-07-30T17:05:26Z,live_github_api
steveiliop56/steveiliop56.github.io,84,,,,npm,,,PASS,PASS,PASS->PASS,,0,,0,,,,2026-07-31 01:48:29,chore(deps): bump astro from 6.3.3 to 7.1.1,2026-07-30T17:05:20Z,live_github_api
jpsnover/ai-triad-research,225,,,,pip,,,INSTALL,INSTALL,FAIL->FAIL,,0,,0,,,,2026-07-31 01:48:43,chore(deps): Update python-slugify requirement from >=8.0 to >=8.0.4 in /scripts,2026-07-30T16:54:49Z,live_github_api
francojeferson/todo_app,11,,,,npm,,,PASS,PASS,PASS->PASS,,0,,0,,,,2026-07-31 01:50:51,build(deps): bump next from 15.5.21 to 16.2.12,2026-07-30T16:54:47Z,live_github_api
francojeferson/canvas-llm-builder,22,,,,npm,,,PASS,PASS,PASS->PASS,,0,,0,,,,2026-07-31 01:53:03,build(deps): bump dotenv from 16.4.7 to 17.4.2,2026-07-30T16:54:03Z,live_github_api
francojeferson/memory-game,14,,,,npm,,,PASS,PASS,PASS->PASS,,0,,0,,,,2026-07-31 01:55:55,build(deps): bump @testing-library/user-event from 13.5.0 to 14.6.1,2026-07-30T16:53:29Z,live_github_api
fileworks/media-sorter,16,,,,npm,,,PASS,PASS,PASS->PASS,,0,,0,,,,2026-07-31 01:57:06,chore(deps): bump @sigstore/core and semantic-release,2026-07-30T16:50:24Z,live_github_api
salanton/Mixmetry,1,,,,npm,,,PASS,PASS,PASS->PASS,,0,,0,,,,2026-07-31 01:58:04,chore(deps-dev): bump eslint from 9.39.5 to 10.8.0,2026-07-30T16:46:14Z,live_github_api
SavageChieftain/udonarium_axe,61,,,,npm,,,TEST,TEST,FAIL->FAIL,,0,,0,,,,2026-07-31 02:01:17,chore(deps-dev): bump @playwright/test from 1.62.0 to 1.62.1 in the development-minor-patch group,2026-07-30T16:44:44Z,live_github_api
aryed/aryed.github.io,2,,,,npm,,,PASS,PASS,PASS->PASS,,0,,0,,,,2026-07-31 02:01:55,Bump astro from 4.16.19 to 7.1.1,2026-07-30T16:35:51Z,live_github_api
emilyspieler/ecommerce-photo-pottery-painting,1,,,,npm,,,PASS,PASS,PASS->PASS,,0,,0,,,,2026-07-31 02:02:10,Bump jsonpath from 1.1.1 to 1.3.0 in /client in the npm_and_yarn group across 1 directory,2026-07-30T16:33:47Z,live_github_api
Juupeee/jrouter,4,,,,npm,,,TEST,TEST,FAIL->FAIL,,0,,0,,,,2026-07-31 02:05:54,bump: bump typescript from 5.9.3 to 7.0.2,2026-07-30T16:31:56Z,live_github_api
vkannantech/Raise-with-You,2,,,,npm,,,PASS,PASS,PASS->PASS,,0,,0,,,,2026-07-31 02:06:02,chore(deps-dev): bump @eslint/js from 9.39.5 to 10.0.1,2026-07-30T16:30:38Z,live_github_api
riva-labs/bosphor,219,,,,npm,,,TEST,TEST,FAIL->FAIL,,0,,0,,,,2026-07-31 02:06:21,chore(deps-dev): bump @types/node from 20.19.43 to 26.1.2 in /relayer,2026-07-30T16:21:59Z,live_github_api
riva-labs/bosphor,215,,,,npm,,,TEST,TEST,FAIL->FAIL,,0,,0,,,,2026-07-31 02:06:44,chore(deps-dev): bump typescript from 6.0.3 to 7.0.2 in /website,2026-07-30T16:21:15Z,live_github_api
dmethi/orchestrate-inc,8,,,,npm,,,PASS,PASS,PASS->PASS,,0,,0,,,,2026-07-31 02:06:50,chore(deps): bump react-dom and @types/react-dom,2026-07-30T16:12:31Z,live_github_api
fomotsar-commits/tegridy-farms,168,,,,npm,,,PASS,PASS,PASS->PASS,,0,,0,,,,2026-07-31 02:14:44,chore(deps-dev): bump @eslint/js from 9.39.4 to 10.0.1 in /frontend,2026-07-30T16:03:42Z,live_github_api
fomotsar-commits/tegridy-farms,167,,,,npm,,,PASS,PASS,PASS->PASS,,0,,0,,,,2026-07-31 02:15:06,chore(deps): bump wagmi from 2.19.5 to 3.7.5 in /frontend,2026-07-30T16:03:33Z,live_github_api
fomotsar-commits/tegridy-farms,166,,,,npm,,,PASS,PASS,PASS->PASS,,0,,0,,,,2026-07-31 02:15:17,chore(deps-dev): bump eslint from 9.39.4 to 10.8.0 in /frontend,2026-07-30T16:03:24Z,live_github_api
junet03/mql5-codegraph,8,,,,npm,,,PASS,PASS,PASS->PASS,,0,,0,,,,2026-07-31 02:15:59,build(deps-dev): bump eslint from 9.39.4 to 10.8.0 in /web,2026-07-30T16:03:01Z,live_github_api
rezanmz/omnifin,69,,,,npm,,,TEST,INSTALL,FAIL->FAIL,,0,,0,,,,2026-07-31 03:38:32,chore(deps): bump the development-minor-and-patch group across 1 directory with 11 updates,2026-07-30T16:01:06Z,live_github_api
ddyy/minshop,11,,,,npm,,,TEST,TEST,FAIL->FAIL,,0,,0,,,,2026-07-31 03:45:02,Bump the minor-and-patch group across 1 directory with 5 updates,2026-07-30T15:56:26Z,live_github_api
Foxugly/FoxRunner_frontend_node20,34,,,,npm,,,PASS,PASS,PASS->PASS,,0,,0,,,,2026-07-31 03:52:08,chore(deps): bump the minor-and-patch group with 2 updates,2026-07-30T15:54:26Z,live_github_api
frankaube/solar-dashboard,5,,,,npm,,,PASS,PASS,PASS->PASS,,0,,0,,,,2026-07-31 03:55:29,Bump typescript from 6.0.3 to 7.0.2,2026-07-30T15:52:27Z,live_github_api
Foxugly/FoxRunner_frontend_node20,31,,,,npm,,,PASS,TEST,PASS->FAIL,,0,,0,,,,2026-07-31 04:01:08,"chore(deps): bump @babel/core, @angular/localize, @analogjs/vite-plugin-angular, @angular/build and @angular/compiler-cli",2026-07-30T15:48:07Z,live_github_api
KidTheFelon/LyriXX,32,,,,npm,,,TEST,PASS,FAIL->FAIL,,0,,0,,,,2026-07-31 04:55:20,chore: bump vite from 8.1.5 to 8.2.0 in the dev-tools group across 1 directory,2026-07-30T15:35:16Z,live_github_api
3ni8ma/aarushkarak-website,306,,,,npm,,,PASS,PASS,PASS->PASS,,0,,0,,,,2026-07-31 05:40:17,Bump vite from 8.1.5 to 8.2.0,2026-07-30T15:24:40Z,live_github_api
bradford-tech/supabase-integrity-attest,123,,,,npm,,,TEST,TEST,FAIL->FAIL,,0,,0,,,,2026-07-31 05:44:40,chore(deps): bump the all group with 3 updates,2026-07-30T15:19:38Z,live_github_api
hitohorobe/hito-horobe.net,194,,,,npm,,,PASS,PASS,PASS->PASS,,0,,0,,,,2026-07-31 05:45:44,build(deps): bump sharp from 0.34.5 to 0.35.3,2026-07-30T15:17:48Z,live_github_api
genaralakaun/next-evals-oss,24,,,,npm,,,TEST,TEST,FAIL->FAIL,,0,,0,,,,2026-07-31 05:46:24,Bump the npm_and_yarn group across 59 directories with 1 update,2026-07-30T15:15:46Z,live_github_api
JHostalek/nen-cli,1,,,,npm,,,TEST,TEST,FAIL->FAIL,,0,,0,,,,2026-07-31 05:47:09,chore(deps): bump the bun-dependencies group with 3 updates,2026-07-30T15:13:06Z,live_github_api
mikeymcfish/component-catalog-app,9,,,,npm,,,PASS,PASS,PASS->PASS,,0,,0,,,,2026-07-31 18:31:16,deps: bump react-resizable-panels from 2.1.9 to 4.12.2,2026-07-30T18:48:03Z,live_github_api
bymaxone/nest-queue,34,,,,unknown,,,PASS,PASS,PASS->PASS,,0,,0,,,,2026-07-31 18:33:50,chore(deps): bump @nestjs/common from 11.1.27 to 11.1.28,2026-07-30T18:14:15Z,live_github_api
Jstn-1g/what-in-the-tax,60,,,,npm,,,PASS,PASS,PASS->PASS,,0,,0,,,,2026-07-31 18:34:45,Bump @vitejs/plugin-react from 5.2.0 to 6.0.4 in /web,2026-07-30T18:08:02Z,live_github_api
AlexGreenUK/XS-Shlink-MCP,1,,,,npm,,,PASS,TEST,PASS->FAIL,,0,,0,,,,2026-07-31 18:35:27,Bump typescript from 5.9.3 to 7.0.2,2026-07-30T17:55:58Z,live_github_api
redhat-actions/openshift-tools-installer,153,,,,npm,,,PASS,PASS,PASS->PASS,,0,,0,,,,2026-07-31 18:36:23,Bump webpack-cli from 7.2.1 to 7.2.2,2026-07-30T17:32:49Z,live_github_api
rish2jain/ScenarioLab,12,,,,npm,,,PASS,PASS,PASS->PASS,,0,,0,,,,2026-07-31 18:37:04,chore(deps-dev): bump eslint from 9.39.4 to 10.8.0 in /frontend,2026-07-30T17:24:53Z,live_github_api
mkhalid-s/mkhalid-s.github.io,26,,,,npm,,,PASS,PASS,PASS->PASS,,0,,0,,,,2026-07-31 18:37:34,build(deps): Bump @fontsource-variable/fraunces from 5.2.9 to 5.3.0,2026-07-30T17:21:11Z,live_github_api
alexknightstudio/unbound-albums,4,,,,npm,,,PASS,PASS,PASS->PASS,,0,,0,,,,2026-07-31 18:38:29,Bump typescript from 5.9.3 to 7.0.2,2026-07-30T17:15:05Z,live_github_api
testing-library/eslint-plugin-jest-dom,445,,,,npm,,,PASS,PASS,PASS->PASS,,0,,0,,,,2026-07-31 18:40:06,chore(deps): bump @babel/runtime from 7.29.7 to 8.0.0,2026-07-30T17:13:30Z,live_github_api
southpolesteve/nextane,7,,,,npm,,,TEST,TEST,FAIL->FAIL,,0,,0,,,,2026-07-31 18:40:31,Bump octane from 0.1.19 to 0.1.21,2026-07-30T17:05:20Z,live_github_api
jpsnover/ai-triad-research,224,,,,pip,,,INSTALL,INSTALL,FAIL->FAIL,,0,,0,,,,2026-07-31 18:42:27,chore(deps): Update requests requirement from >=2.33.0 to >=2.34.2 in /scripts,2026-07-30T16:54:46Z,live_github_api
francojeferson/todo_app,10,,,,npm,,,PASS,PASS,PASS->PASS,,0,,0,,,,2026-07-31 18:42:58,build(deps-dev): bump eslint-plugin-n from 15.7.0 to 18.2.2,2026-07-30T16:54:30Z,live_github_api
francojeferson/canvas-llm-builder,21,,,,npm,,,PASS,PASS,PASS->PASS,,0,,0,,,,2026-07-31 18:43:40,build(deps-dev): bump eslint-config-next from 15.2.4 to 16.2.12,2026-07-30T16:54:00Z,live_github_api
francojeferson/memory-game,13,,,,npm,,,PASS,PASS,PASS->PASS,,0,,0,,,,2026-07-31 18:44:34,build(deps): bump web-vitals from 2.1.4 to 6.0.1,2026-07-30T16:53:23Z,live_github_api
rezanmz/omnifin,68,,,,npm,,,TEST,TEST,FAIL->FAIL,,0,,0,,,,2026-07-31 19:03:41,chore(deps): bump the production-minor-and-patch group across 1 directory with 7 updates,2026-07-30T15:59:18Z,live_github_api
frankaube/solar-dashboard,4,,,,npm,,,PASS,PASS,PASS->PASS,,0,,0,,,,2026-07-31 19:05:47,Bump @prisma/client from 6.19.3 to 7.9.1,2026-07-30T15:52:08Z,live_github_api
Foxugly/FoxRunner_frontend_node20,30,,,,npm,,,PASS,PASS,PASS->PASS,,0,,0,,,,2026-07-31 19:07:13,"chore(deps): bump vite, @analogjs/vite-plugin-angular, vitest and @angular/build",2026-07-30T15:48:07Z,live_github_api
mikeymcfish/component-catalog-app,8,,,,npm,,,PASS,PASS,PASS->PASS,,0,,0,,,,2026-07-31 19:25:48,deps: bump react-day-picker from 8.10.2 to 10.0.1,2026-07-30T18:47:57Z,live_github_api
bymaxone/nest-queue,33,,,,npm,,,PASS,TEST,PASS->FAIL,,0,,0,,,,2026-07-31 19:26:33,chore(deps): bump ioredis from 5.10.1 to 5.11.1,2026-07-30T18:14:05Z,live_github_api
redhat-actions/openshift-tools-installer,152,,,,npm,,,PASS,PASS,PASS->PASS,,0,,0,,,,2026-07-31 19:26:56,Bump @types/node from 26.1.1 to 26.1.2,2026-07-30T17:32:42Z,live_github_api
rish2jain/ScenarioLab,9,,,,npm,,,PASS,PASS,PASS->PASS,,0,,0,,,,2026-07-31 19:27:19,chore(deps): bump @sentry/nextjs from 10.47.0 to 10.69.0 in /frontend,2026-07-30T17:24:48Z,live_github_api
mkhalid-s/mkhalid-s.github.io,25,,,,npm,,,PASS,PASS,PASS->PASS,,0,,0,,,,2026-07-31 19:27:43,build(deps-dev): Bump @testing-library/jest-dom from 6.9.1 to 7.0.0,2026-07-30T17:21:06Z,live_github_api
testing-library/eslint-plugin-jest-dom,444,,,,npm,,,PASS,TEST,PASS->FAIL,,0,,0,,,,2026-07-31 19:29:08,chore(deps-dev): bump typescript from 5.9.3 to 7.0.2,2026-07-30T17:12:58Z,live_github_api
southpolesteve/nextane,6,,,,npm,,,TEST,TEST,FAIL->FAIL,,0,,0,,,,2026-07-31 19:29:33,Bump @octanejs/vite-plugin from 0.1.19 to 0.1.21,2026-07-30T17:05:12Z,live_github_api
jpsnover/ai-triad-research,223,,,,npm,,,PASS,PASS,PASS->PASS,,0,,0,,,,2026-07-31 19:31:07,chore(deps-dev): Bump jsdom from 29.1.1 to 30.0.1 in /taxonomy-editor,2026-07-30T16:54:44Z,live_github_api
francojeferson/todo_app,9,,,,npm,,,PASS,PASS,PASS->PASS,,0,,0,,,,2026-07-31 19:31:35,build(deps-dev): bump eslint-config-prettier from 8.10.0 to 10.1.8,2026-07-30T16:54:22Z,live_github_api
francojeferson/canvas-llm-builder,20,,,,npm,,,PASS,PASS,PASS->PASS,,0,,0,,,,2026-07-31 19:32:11,build(deps-dev): bump @types/node from 20.17.30 to 26.1.2,2026-07-30T16:53:37Z,live_github_api
frankaube/solar-dashboard,3,,,,npm,,,PASS,PASS,PASS->PASS,,0,,0,,,,2026-07-31 19:46:03,Bump prisma from 6.19.3 to 7.9.1,2026-07-30T15:51:44Z,live_github_api
Foxugly/FoxRunner_frontend_node20,29,,,,npm,,,PASS,PASS,PASS->PASS,,0,,0,,,,2026-07-31 19:47:32,"chore(deps): bump esbuild, @angular/build and vite",2026-07-30T15:47:58Z,live_github_api
KidTheFelon/LyriXX,31,,,,npm,,,PASS,PASS,PASS->PASS,,0,,0,,,,2026-07-31 20:18:08,chore: bump the frontend group across 1 directory with 4 updates,2026-07-30T15:35:00Z,live_github_api
mikeymcfish/component-catalog-app,7,,,,npm,,,PASS,PASS,PASS->PASS,,0,,0,,,,2026-07-31 20:46:56,deps: bump framer-motion from 11.18.2 to 12.42.2,2026-07-30T18:47:49Z,live_github_api
rish2jain/ScenarioLab,7,,,,npm,,,PASS,PASS,PASS->PASS,,0,,0,,,,2026-07-31 20:47:20,chore(deps): bump tailwind-merge from 2.6.1 to 3.6.0 in /frontend,2026-07-30T17:24:41Z,live_github_api
mkhalid-s/mkhalid-s.github.io,24,,,,npm,,,PASS,PASS,PASS->PASS,,0,,0,,,,2026-07-31 20:47:46,build(deps-dev): Bump globals from 17.6.0 to 17.8.0,2026-07-30T17:21:00Z,live_github_api
southpolesteve/nextane,5,,,,npm,,,TEST,TEST,FAIL->FAIL,,0,,0,,,,2026-07-31 20:48:19,Bump the npm-development group with 5 updates,2026-07-30T17:05:03Z,live_github_api
fabiocicerchia/first-issues,6,,,,npm,,,TEST,TEST,FAIL->FAIL,,0,,0,,,,2026-07-31 20:49:47,Bump axios from 0.19.2 to 0.33.0,2026-07-30T17:00:17Z,live_github_api
jpsnover/ai-triad-research,222,,,,pip,,,INSTALL,INSTALL,FAIL->FAIL,,0,,0,,,,2026-07-31 20:49:59,chore(deps): Update pdfminer-six requirement from >=20251230 to >=20260107 in /scripts,2026-07-30T16:54:43Z,live_github_api
SavageChieftain/udonarium_axe,62,,,,npm,,,TEST,TEST,FAIL->FAIL,,0,,0,,,,2026-07-31 20:50:55,chore(deps-dev): bump @semantic-release/git from 10.0.1 to 11.0.1,2026-07-30T16:44:57Z,live_github_api
heyboi227/football-score-simulator,1709,,,,npm,,,TEST,TEST,FAIL->FAIL,,0,,0,,,,2026-07-31 20:51:45,Bump @angular-devkit/core from 22.0.9 to 22.1.2,2026-07-30T16:43:45Z,live_github_api
primefaces/primefaces,15094,,,,maven,,,INSTALL,INSTALL,FAIL->FAIL,,0,,0,,,,2026-07-31 20:53:09,Bump org.apache.felix:maven-bundle-plugin from 5.1.9 to 6.1.0,2026-07-30T16:43:27Z,live_github_api
ubc-cpsc/design-system,26,,,,npm,,,PASS,PASS,PASS->PASS,,0,,0,,,,2026-07-31 20:53:15,Bump postcss from 8.5.15 to 8.5.25 in /public/themes/custom/ubccs,2026-07-30T16:42:46Z,live_github_api
SUaDtL/singedTerra,209,,,,npm,,,PASS,PASS,PASS->PASS,,0,,0,,,,2026-07-31 20:53:50,chore(deps): Bump the minor-and-patch group across 1 directory with 3 updates,2026-07-30T16:38:51Z,live_github_api
aryed/aryed.github.io,3,,,,npm,,,PASS,PASS,PASS->PASS,,0,,0,,,,2026-07-31 20:54:09,Bump vite and astro,2026-07-30T16:35:57Z,live_github_api
emilyspieler/ecommerce-photo-pottery-painting,2,,,,npm,,,PASS,PASS,PASS->PASS,,0,,0,,,,2026-07-31 20:54:20,Bump rollup from 2.79.1 to 2.80.0 in /client in the npm_and_yarn group across 1 directory,2026-07-30T16:33:51Z,live_github_api
ItachiPro/next-template-app,3,,,,npm,,,PASS,PASS,PASS->PASS,,0,,0,,,,2026-07-31 20:54:59,⬆️ Bump next from 16.1.6 to 16.2.11,2026-07-30T16:33:20Z,live_github_api
junet03/mql5-codegraph,12,,,,npm,,,PASS,PASS,PASS->PASS,,0,,0,,,,2026-07-31 20:55:12,build(deps): bump brace-expansion and eslint in /web,2026-07-30T16:33:18Z,live_github_api
Juupeee/jrouter,5,,,,npm,,,TEST,TEST,FAIL->FAIL,,0,,0,,,,2026-07-31 20:56:22,bump: bump eslint from 9.39.5 to 10.8.0,2026-07-30T16:32:52Z,live_github_api
q1blue/build-containers,1,,,,npm,,,PASS,PASS,PASS->PASS,,0,,0,,,,2026-07-31 20:56:34,Bump the npm_and_yarn group across 1 directory with 2 updates,2026-07-30T16:31:44Z,live_github_api
uiuxassets/uiuxicons,14,,,,npm,,,PASS,PASS,PASS->PASS,,0,,0,,,,2026-07-31 20:57:40,Bump the dev-dependencies group across 1 directory with 8 updates,2026-07-30T16:30:44Z,live_github_api
vkannantech/Raise-with-You,3,,,,npm,,,PASS,PASS,PASS->PASS,,0,,0,,,,2026-07-31 20:57:46,chore(deps-dev): bump globals from 16.5.0 to 17.8.0,2026-07-30T16:30:42Z,live_github_api
yuzushi-dev/Amber,56,,,,npm,,,PASS,PASS,PASS->PASS,,0,,0,,,,2026-07-31 20:57:51,build(deps-dev): bump the npm_and_yarn group across 1 directory with 2 updates,2026-07-30T16:29:24Z,live_github_api
riva-labs/bosphor,220,,,,npm,,,TEST,TEST,FAIL->FAIL,,0,,0,,,,2026-07-31 20:58:02,chore(deps-dev): bump @babel/core from 7.29.7 to 8.0.1 in /relayer,2026-07-30T16:22:08Z,live_github_api
riva-labs/bosphor,216,,,,npm,,,TEST,TEST,FAIL->FAIL,,0,,0,,,,2026-07-31 20:58:13,chore(deps): bump the minor-and-patch group in /relayer with 16 updates,2026-07-30T16:21:28Z,live_github_api
yuzushi-dev/Amber,53,,,,npm,,,PASS,PASS,PASS->PASS,,0,,0,,,,2026-07-31 20:58:18,build(deps): bump the npm_and_yarn group across 1 directory with 10 updates,2026-07-30T16:16:52Z,live_github_api
dmethi/orchestrate-inc,9,,,,npm,,,PASS,PASS,PASS->PASS,,0,,0,,,,2026-07-31 20:58:22,chore(deps): bump react and @types/react,2026-07-30T16:12:40Z,live_github_api
upleveled/security-vulnerability-examples-next-js-postgres,421,,,,unknown,,,PASS,PASS,PASS->PASS,,0,,0,,,,2026-07-31 20:59:04,Bump sharp from 0.34.5 to 0.35.3,2026-07-30T16:11:47Z,live_github_api
populationgenomics/flowa,159,,,,npm,,,PASS,INSTALL,PASS->FAIL,,0,,0,,,,2026-07-31 20:59:42,build(deps-dev): bump postcss from 8.5.15 to 8.5.18 in /examples/demo,2026-07-30T16:10:47Z,live_github_api
redhat-developer/podman-desktop-redhat-lightspeed-ext,668,,,,npm,,,PASS,PASS,PASS->PASS,,0,,0,,,,2026-07-31 21:00:40,chore(deps-dev): bump vite from 8.1.5 to 8.2.0,2026-07-30T16:04:02Z,live_github_api
ronniepinnell/benchsight,13066,,,,npm,,,UNRUNNABLE,UNRUNNABLE,UNRUNNABLE,,0,,0,,,,2026-07-31 21:01:41,Bump openai from 6.49.0 to 7.1.0 in /ui/dashboard,2026-07-30T16:02:42Z,live_github_api
ronniepinnell/benchsight,13061,,,,npm,,,UNRUNNABLE,UNRUNNABLE,UNRUNNABLE,,0,,0,,,,2026-07-31 21:02:23,Bump the dashboard-npm-minor-patch group in /ui/dashboard with 20 updates,2026-07-30T16:01:59Z,live_github_api
OxiBelt/OxiBelt,144,,,,unknown,,,TEST,TEST,FAIL->FAIL,,0,,0,,,,2026-07-31 21:02:45,chore(deps): bump async-compression in /,2026-07-30T15:57:44Z,live_github_api
ronniepinnell/benchsight,13057,,,,pip,,,TEST,TEST,FAIL->FAIL,,0,,0,,,,2026-07-31 21:03:27,Update anthropic requirement from >=0.117.0 to >=0.120.2 in /api,2026-07-30T15:56:46Z,live_github_api
frankaube/solar-dashboard,2,,,,npm,,,PASS,PASS,PASS->PASS,,0,,0,,,,2026-07-31 21:04:11,Bump the minor-and-patch group with 5 updates,2026-07-30T15:51:24Z,live_github_api
J3vb/OwnCord,1275,,,,unknown,,,PASS,PASS,PASS->PASS,,0,,0,,,,2026-07-31 21:04:16,chore(deps): bump the cargo group across 1 directory with 4 updates,2026-07-30T15:50:16Z,live_github_api
Foxugly/FoxRunner_frontend_node20,28,,,,npm,,,PASS,PASS,PASS->PASS,,0,,0,,,,2026-07-31 21:05:37,chore(deps): bump piscina and @angular/build,2026-07-30T15:47:50Z,live_github_api
eloyortiz/angular-portafolio,285,,,,npm,,,TEST,TEST,FAIL->FAIL,,0,,0,,,,2026-07-31 21:06:23,build(deps-dev): bump @angular-devkit/build-angular from 22.0.9 to 22.1.2,2026-07-30T15:43:35Z,live_github_api
burnt-labs/xion-staking,66,,,,npm,,,PASS,PASS,PASS->PASS,,0,,0,,,,2026-08-01 04:43:59,chore(deps): bump axios from 1.13.2 to 1.18.0 in the npm_and_yarn group across 1 directory,2026-07-30T15:42:42Z,live_github_api
aviadshiber/grafana-sankeyflow-panel,19,,,,npm,,,TEST,TEST,FAIL->FAIL,,0,,0,,,,2026-08-01 05:06:00,chore(deps-dev): bump @types/node from 24.13.3 to 26.1.1,2026-07-30T15:42:02Z,live_github_api
member-counter/bot,395,,,,npm,,,PASS,PASS,PASS->PASS,,0,,0,,,,2026-08-01 05:07:07,Bump sharp from 0.33.5 to 0.35.0,2026-07-30T15:40:25Z,live_github_api
mojienjoyment/my-clean-blog,6,,,,npm,,,TEST,TEST,FAIL->FAIL,,0,,0,,,,2026-08-01 05:08:11,Bump eslint-plugin-astro from 2.1.1 to 3.0.1,2026-07-30T15:40:23Z,live_github_api
withqwerty/football-docs,5,,,,unknown,,,TEST,TEST,FAIL->FAIL,,0,,0,,,,2026-08-01 05:08:29,chore(deps): bump postcss from 8.5.16 to 8.5.25,2026-07-30T15:39:16Z,live_github_api
greasyfork-org/greasyfork,1556,,,,npm,,,PASS,PASS,PASS->PASS,,0,,0,,,,2026-08-01 05:08:35,Bump postcss from 8.5.15 to 8.5.25,2026-07-30T15:37:20Z,live_github_api
MrManny/MrManny.github.io,16,,,,npm,,,PASS,PASS,PASS->PASS,,0,,0,,,,2026-08-01 05:09:02,Bump react from 19.2.7 to 19.2.8,2026-07-30T15:36:59Z,live_github_api
djimit/MetaHarness,6,,,,npm,,,TEST,TEST,FAIL->FAIL,,0,,0,,,,2026-08-01 05:10:41,chore(deps): bump the npm_and_yarn group across 2 directories with 1 update,2026-07-30T15:36:20Z,live_github_api
mamonaminyar1998/discourse,3,,,,gem,,,INSTALL,INSTALL,FAIL->FAIL,,0,,0,,,,2026-08-01 05:11:09,Build(deps): Bump the bundler group across 1 directory with 21 updates,2026-07-30T15:35:28Z,live_github_api
kinghua0629/chromium,32,,,,npm,,,PASS,PASS,PASS->PASS,,0,,0,,,,2026-08-01 05:25:59,Bump the npm_and_yarn group across 3 directories with 23 updates,2026-07-30T15:31:50Z,live_github_api
Anmulzhao/apoverse,1,,,,npm,,,PASS,PASS,PASS->PASS,,0,,0,,,,2026-08-01 05:26:09,build(deps-dev): bump ws from 8.20.0 to 8.21.1 in the npm_and_yarn group across 1 directory,2026-07-30T15:31:37Z,live_github_api
quintanaguillenyusverlinyasmin-dot/nightwatch,1,,,,npm,,,TEST,TEST,FAIL->FAIL,,0,,0,,,,2026-08-01 05:36:22,Bump the npm_and_yarn group across 1 directory with 5 updates,2026-07-30T15:31:35Z,live_github_api
semrush/intergalactic,3095,,,,npm,,,TEST,INSTALL,FAIL->FAIL,,0,,0,,,,2026-08-01 05:39:38,Bump postcss from 8.5.14 to 8.5.18 in /tools/theme,2026-07-30T15:31:22Z,live_github_api
RosuLaurentiu/ChainWhisper-MCP,6,,,,npm,,,PASS,PASS,PASS->PASS,,0,,0,,,,2026-08-01 05:41:52,Bump the development-dependencies group with 3 updates,2026-07-30T15:29:45Z,live_github_api
iHYPE-org/ihype,607,,,,npm,,,PASS,PASS,PASS->PASS,,0,,0,,,,2026-08-01 05:43:48,build(deps): bump find-my-way and prisma,2026-07-30T15:12:10Z,live_github_api
eleung/snapgrid,56,,,,npm,,,TEST,TEST,FAIL->FAIL,,0,,0,,,,2026-08-01 21:19:31,chore(deps-dev): bump the dev-dependencies group across 1 directory with 22 updates,2026-08-01T01:55:06Z,live_github_api
JoyWonderful/blog,53,,,,npm,,,PASS,PASS,PASS->PASS,,0,,0,,,,2026-08-01 21:19:46,build(deps): bump @astrojs/markdown-remark from 7.2.1 to 7.2.2,2026-08-01T01:53:12Z,live_github_api
curvefi/curve-frontend,2965,,,,npm,,,TEST,TEST,FAIL->FAIL,,0,,0,,,,2026-08-01 21:24:35,chore(deps): bump vite-plugin-vercel from 9.1.1 to 11.1.1,2026-08-01T01:43:49Z,live_github_api
Srinivas7337/OWASP-Juice-Shop-AppSec-,16,,,,npm,,,TEST,TEST,FAIL->FAIL,,0,,0,,,,2026-08-01 23:10:58,Bump express-robots-txt from 0.5.0 to 1.0.0,2026-08-01T03:30:56Z,live_github_api
areebps/app-template-custom-shipping-rates,229,,,,npm,,,TEST,TEST,FAIL->FAIL,,0,,0,,,,2026-08-01 23:21:58,Bump @wix/wix-ui-icons-common from 3.186.0 to 3.187.0,2026-08-01T03:25:35Z,live_github_api
RTS-souhon/BasicKnowledgeForWeb,424,,,,npm,,,PASS,PASS,PASS->PASS,,0,,0,,,,2026-08-01 23:30:51,chore(deps-dev): Bump tailwindcss from 4.3.2 to 4.3.3 in /apps/frontend,2026-08-01T03:06:53Z,live_github_api
notomo/agesture,211,,,,npm,,,PASS,TEST,PASS->FAIL,,0,,0,,,,2026-08-01 23:31:28,build(deps): Bump uuid and wxt,2026-08-01T03:06:38Z,live_github_api
kpalmvik/domain-checker,315,,,,npm,,,PASS,TEST,PASS->FAIL,,0,,0,,,,2026-08-01 23:33:16,Bump typescript from 5.9.3 to 7.0.2,2026-08-01T03:03:43Z,live_github_api
xtofuub/REVios-AI,45,,,,npm,,,TEST,TEST,FAIL->FAIL,,0,,0,,,,2026-08-01 23:33:59,chore(deps): bump the npm-patch group in /website with 8 updates,2026-08-01T02:55:11Z,live_github_api
opengovsg/mockpass,819,,,,npm,,,PASS,PASS,PASS->PASS,,0,,0,,,,2026-08-01 23:34:39,chore(deps): bump @eslint/js from 9.39.2 to 10.0.1,2026-08-01T02:52:55Z,live_github_api
RMIT-Garage/garage-boilerplate-basic,7,,,,npm,,,PASS,INSTALL,PASS->FAIL,,0,,0,,,,2026-08-01 23:36:38,Bump the dev-dependencies group in /frontend with 11 updates,2026-08-01T02:41:48Z,live_github_api
Amia-Mizuki-Dev-Team/MizukiBot,21,,,,npm,,,PASS,PASS,PASS->PASS,,0,,0,,,,2026-08-01 23:37:01,build(deps-dev): bump vue from 3.5.39 to 3.5.40 in the documentation-dependencies group,2026-08-01T02:40:29Z,live_github_api
Delliaf/immich-queue-orchestrator,3,,,,npm,,,PASS,PASS,PASS->PASS,,0,,0,,,,2026-08-01 23:37:27,Bump typescript from 6.0.3 to 7.0.2,2026-08-01T02:35:58Z,live_github_api
murraco/node-jwt,84,,,,npm,,,TEST,TEST,FAIL->FAIL,,0,,0,,,,2026-08-01 23:38:09,Bump the all-dependencies group with 6 updates,2026-08-01T02:27:29Z,live_github_api
yair-dana/dev-conf-custom-shipping-rates,640,,,,npm,,,TEST,TEST,FAIL->FAIL,,0,,0,,,,2026-08-01 23:49:05,Bump @wix/wix-ui-icons-common from 3.186.0 to 3.187.0,2026-08-01T02:23:00Z,live_github_api
krishnaharshap/contribution-limits-tool,22,,,,npm,,,TEST,TEST,FAIL->FAIL,,0,,0,,,,2026-08-01 23:51:09,Bump the dev-dependencies group with 3 updates,2026-08-01T02:18:36Z,live_github_api
open-webui/open-webui,27932,,,,pip,,,INSTALL,INSTALL,FAIL->FAIL,,0,,0,,,,2026-08-01 23:51:30,build(deps): bump opentelemetry-instrumentation-httpx from 0.63b1 to 0.65b0,2026-08-01T02:10:51Z,live_github_api
ztimson/map-alliance,159,,,,npm,,,PASS,PASS,PASS->PASS,,0,,0,,,,2026-08-01 23:55:12,Bump re2 from 1.20.9 to 1.26.1,2026-08-01T02:09:52Z,live_github_api
murraco/node-jwt,83,,,,npm,,,TEST,TEST,FAIL->FAIL,,0,,0,,,,2026-08-01 23:55:52,Bump mysql2 from 3.9.8 to 3.23.2,2026-08-01T02:08:10Z,live_github_api
mgovedarov/mcp-vcf-orchestrator,117,,,,npm,,,TEST,TEST,FAIL->FAIL,,0,,0,,,,2026-08-01 23:56:30,chore(deps-dev): bump the npm-development group across 1 directory with 3 updates,2026-08-01T02:07:20Z,live_github_api
albert-salai/ioBroker.yahka-config,62,,,,npm,,,PASS,PASS,PASS->PASS,,0,,0,,,,2026-08-01 23:57:00,chore(deps-dev): bump @typescript-eslint/eslint-plugin from 8.62.1 to 8.65.0,2026-08-01T02:03:57Z,live_github_api
pei760730/collector-core,44,,,,npm,,,PASS,INSTALL,PASS->FAIL,,0,,0,,,,2026-08-01 23:57:15,build(deps-dev): bump the npm group across 1 directory with 2 updates,2026-08-01T02:00:51Z,live_github_api
Meunieur/iris-v2,4,,,,npm,,,PASS,TEST,PASS->FAIL,,0,,0,,,,2026-08-02 02:31:49,build(deps): bump @mediapipe/tasks-vision from 0.10.35 to 1.0.0,2026-08-01T05:33:42Z,live_github_api
ymmv-fyi/ymmv,45,,,,unknown,,,TEST,TEST,FAIL->FAIL,,0,,0,,,,2026-08-02 02:32:40,chore(deps): bump postcss from 8.5.16 to 8.5.25,2026-08-01T05:33:10Z,live_github_api
Aerya/Dockge-Enhanced,123,,,,npm,,,PASS,PASS,PASS->PASS,,0,,0,,,,2026-08-02 02:35:30,Bump engine.io from 6.6.4 to 6.6.9,2026-08-01T05:31:05Z,live_github_api
tempoxyz/wallet-cli,73,,,,npm,,,TEST,TEST,FAIL->FAIL,,0,,0,,,,2026-08-02 02:38:25,chore(deps): bump the production-dependencies group across 1 directory with 4 updates,2026-08-01T05:24:18Z,live_github_api
kaliptozzsal-max/kalipto-bio,5,,,,npm,,,PASS,PASS,PASS->PASS,,0,,0,,,,2026-08-02 02:40:42,chore(deps-dev)(deps-dev): bump typescript from 5.9.3 to 7.0.2,2026-08-01T05:22:17Z,live_github_api
AndersMyrvang/BenniGarn,142,,,,npm,,,PASS,PASS,PASS->PASS,,0,,0,,,,2026-08-02 02:43:34,build(deps): bump tailwindcss from 4.3.0 to 4.3.3,2026-08-01T05:16:07Z,live_github_api
felipedelyra-arch/fluxomenu,6,,,,npm,,,PASS,PASS,PASS->PASS,,0,,0,,,,2026-08-02 02:48:00,build(deps-dev): bump @types/node from 20.19.43 to 26.1.2,2026-08-01T05:07:35Z,live_github_api
abreufilho/vscode-mermaid-preview,1,,,,npm,,,PASS,PASS,PASS->PASS,,0,,0,,,,2026-08-02 02:49:28,build(deps-dev): bump the dev-dependencies group with 2 updates,2026-08-01T05:06:41Z,live_github_api
dlunch/wie,1305,,,,npm,,,PASS,PASS,PASS->PASS,,0,,0,,,,2026-08-02 02:49:58,build(deps): bump the npm_and_yarn group across 1 directory with 10 updates,2026-08-01T04:55:12Z,live_github_api
jthiruveedula/databricks-cross-cloud-migration,83,,,,npm,,,PASS,PASS,PASS->PASS,,0,,0,,,,2026-08-02 02:51:37,chore(deps): bump react-dom and @types/react-dom,2026-08-01T04:51:35Z,live_github_api
toxicbishop/Mac-Portfolio,14,,,,npm,,,PASS,PASS,PASS->PASS,,0,,0,,,,2026-08-02 02:53:19,chore(dev-deps): bump @types/node from 25.9.3 to 26.1.2,2026-08-01T04:32:55Z,live_github_api
DavidCraftDev/checkin,578,,,,npm,,,PASS,PASS,PASS->PASS,,0,,0,,,,2026-08-02 02:56:35,Chore(deps): bump next from 16.2.6 to 16.2.11,2026-08-01T04:21:37Z,live_github_api
DavidCraftDev/checkin,577,,,,npm,,,PASS,PASS,PASS->PASS,,0,,0,,,,2026-08-02 03:00:14,Chore(deps-dev): bump postcss from 8.5.14 to 8.5.18,2026-08-01T04:21:23Z,live_github_api
Yonatanze1/app-template-custom-shipping-rates,43,,,,npm,,,TEST,TEST,FAIL->FAIL,,0,,0,,,,2026-08-02 03:08:52,Bump @wix/wix-ui-icons-common from 3.186.0 to 3.187.0,2026-08-01T04:09:48Z,live_github_api
e3l/ethan,27,,,,npm,,,PASS,PASS,PASS->PASS,,0,,0,,,,2026-08-02 03:11:17,Bump the npm_and_yarn group across 1 directory with 7 updates,2026-08-01T04:06:02Z,live_github_api
tj/commander.js,2570,,,,npm,,,PASS,PASS,PASS->PASS,,0,,0,,,,2026-08-02 03:11:47,Bump typescript from 6.0.3 to 7.0.2,2026-08-01T04:03:33Z,live_github_api
hafaio/hafaio.github.io,24,,,,npm,,,PASS,PASS,PASS->PASS,,0,,0,,,,2026-08-02 03:23:29,Bump typescript from 6.0.3 to 7.0.2,2026-08-01T03:43:11Z,live_github_api
apimatic/core-lib-java,186,,,,maven,,,TEST,TEST,FAIL->FAIL,,0,,0,,,,2026-08-02 03:27:11,build(deps): bump com.fasterxml.jackson.core:jackson-databind from 2.14.2 to 2.22.1,2026-08-01T03:42:32Z,live_github_api
evilmarty/somethingmate,112,,,,npm,,,PASS,PASS,PASS->PASS,,0,,0,,,,2026-08-02 03:28:16,build(deps): bump react from 19.2.7 to 19.2.8,2026-08-01T03:34:33Z,live_github_api
itotlab-system/opticaltwin-core,11,,,,npm,,,UNRUNNABLE,UNRUNNABLE,UNRUNNABLE,,0,,0,,,,2026-08-02 03:28:18,build(deps-dev): Bump typescript from 5.9.3 to 7.0.2 in /app,2026-08-01T03:29:58Z,live_github_api
codeceptjs/website,718,,,,npm,,,PASS,PASS,PASS->PASS,,0,,0,,,,2026-08-02 03:30:31,build(deps): bump postcss from 8.4.49 to 8.5.24,2026-08-01T03:12:39Z,live_github_api
SysAdminDoc/Droidsmith,31,,,,cargo,,,INSTALL,INSTALL,FAIL->FAIL,,0,,0,,,,2026-08-02 03:30:34,chore(deps): bump the rust group across 1 directory with 11 updates,2026-08-01T03:10:14Z,live_github_api
SysAdminDoc/Droidsmith,28,,,,npm,,,PASS,PASS,PASS->PASS,,0,,0,,,,2026-08-02 03:31:07,chore(deps-dev): bump the frontend-tooling group across 1 directory with 5 updates,2026-08-01T03:08:11Z,live_github_api
notomo/transf,159,,,,npm,,,PASS,TEST,PASS->FAIL,,0,,0,,,,2026-08-02 03:31:44,chore(deps): bump tmp and wxt,2026-08-01T03:07:32Z,live_github_api
SysAdminDoc/Droidsmith,26,,,,npm,,,PASS,PASS,PASS->PASS,,0,,0,,,,2026-08-02 03:32:17,chore(deps): bump the frontend-runtime group with 2 updates,2026-08-01T03:07:24Z,live_github_api
Meunieur/iris-v2,2,,,,npm,,,PASS,TEST,PASS->FAIL,,0,,0,,,,2026-08-02 04:21:01,build(deps-dev): bump the npm-minor-and-patch group with 3 updates,2026-08-01T05:33:15Z,live_github_api
kaliptozzsal-max/kalipto-bio,2,,,,npm,,,PASS,PASS,PASS->PASS,,0,,0,,,,2026-08-02 04:21:42,chore(deps-dev)(deps-dev): bump eslint from 9.39.5 to 10.8.0,2026-08-01T05:21:57Z,live_github_api
kaliptozzsal-max/kalipto-bio,1,,,,npm,,,PASS,PASS,PASS->PASS,,0,,0,,,,2026-08-02 04:22:31,chore(deps)(deps): bump the production-minor-patch group with 3 updates,2026-08-01T05:21:35Z,live_github_api
felipedelyra-arch/fluxomenu,5,,,,npm,,,PASS,PASS,PASS->PASS,,0,,0,,,,2026-08-02 04:23:39,build(deps): bump the patches group with 3 updates,2026-08-01T05:06:56Z,live_github_api
jthiruveedula/databricks-cross-cloud-migration,74,,,,npm,,,PASS,PASS,PASS->PASS,,0,,0,,,,2026-08-02 04:24:14,chore(deps): bump react and @types/react,2026-08-01T04:50:59Z,live_github_api
toxicbishop/Mac-Portfolio,13,,,,npm,,,PASS,PASS,PASS->PASS,,0,,0,,,,2026-08-02 04:24:45,chore(dev-deps): bump @eslint/js from 9.39.4 to 9.39.5,2026-08-01T04:32:46Z,live_github_api
toxicbishop/Mac-Portfolio,12,,,,npm,,,PASS,PASS,PASS->PASS,,0,,0,,,,2026-08-02 04:25:16,chore(deps): bump the minor-and-patch group with 7 updates,2026-08-01T04:32:35Z,live_github_api
toxicbishop/Mac-Portfolio,11,,,,npm,,,PASS,PASS,PASS->PASS,,0,,0,,,,2026-08-02 04:25:43,chore(deps): bump the build-tooling group with 7 updates,2026-08-01T04:31:27Z,live_github_api
Qadirdad-Kazi/Inspectra_AI,12,,,,npm,,,TEST,TEST,FAIL->FAIL,,0,,0,,,,2026-08-02 04:27:02,Bump next from 15.5.22 to 16.2.12,2026-08-01T04:01:56Z,live_github_api
Qadirdad-Kazi/Inspectra_AI,9,,,,npm,,,TEST,TEST,FAIL->FAIL,,0,,0,,,,2026-08-02 04:28:29,Bump eslint from 9.39.5 to 10.8.0,2026-08-01T04:01:32Z,live_github_api
milliorn/portfolio,285,,,,npm,,,PASS,PASS,PASS->PASS,,0,,0,,,,2026-08-02 04:29:30,chore(deps): bump the npm_and_yarn group across 1 directory with 14 updates,2026-08-01T03:54:28Z,live_github_api
itotlab-system/opticaltwin-core,10,,,,npm,,,UNRUNNABLE,UNRUNNABLE,UNRUNNABLE,,0,,0,,,,2026-08-02 04:29:32,build(deps-dev): Bump @vitejs/plugin-react from 4.7.0 to 6.0.4 in /app,2026-08-01T03:29:51Z,live_github_api
itotlab-system/opticaltwin-core,9,,,,npm,,,UNRUNNABLE,UNRUNNABLE,UNRUNNABLE,,0,,0,,,,2026-08-02 04:29:33,build(deps): Bump react and @types/react in /app,2026-08-01T03:29:40Z,live_github_api
Srinivas7337/OWASP-Juice-Shop-AppSec-,15,,,,npm,,,TEST,TEST,FAIL->FAIL,,0,,0,,,,2026-08-02 04:36:02,Bump @types/express from 4.17.25 to 5.0.6,2026-08-01T03:29:32Z,live_github_api
itotlab-system/opticaltwin-core,8,,,,npm,,,UNRUNNABLE,UNRUNNABLE,UNRUNNABLE,,0,,0,,,,2026-08-02 04:36:04,build(deps): Bump the react-three group in /app with 5 updates,2026-08-01T03:29:24Z,live_github_api
Srinivas7337/OWASP-Juice-Shop-AppSec-,14,,,,npm,,,TEST,TEST,FAIL->FAIL,,0,,0,,,,2026-08-02 04:41:55,Bump @ai-sdk/openai-compatible from 2.0.63 to 3.0.16,2026-08-01T03:29:04Z,live_github_api
opengovsg/mockpass,817,,,,npm,,,PASS,PASS,PASS->PASS,,0,,0,,,,2026-08-02 04:42:17,chore(deps): bump prettier from 2.8.8 to 3.9.6,2026-08-01T02:52:42Z,live_github_api
RMIT-Garage/garage-boilerplate-basic,6,,,,npm,,,PASS,INSTALL,PASS->FAIL,,0,,0,,,,2026-08-02 04:42:49,Bump the production-dependencies group in /frontend with 10 updates,2026-08-01T02:37:43Z,live_github_api
murraco/node-jwt,82,,,,npm,,,TEST,TEST,FAIL->FAIL,,0,,0,,,,2026-08-02 04:43:07,Bump mocha from 10.8.2 to 11.7.6,2026-08-01T02:08:02Z,live_github_api
open-webui/open-webui,27850,,,,pip,,,INSTALL,INSTALL,FAIL->FAIL,,0,,0,,,,2026-08-02 04:43:22,build(deps): bump opentelemetry-exporter-otlp from 1.42.1 to 1.44.0 in /backend,2026-08-01T02:04:30Z,live_github_api
murraco/spring-boot-jwt,49,,,,maven,,,PASS,TEST,PASS->FAIL,,0,,0,,,,2026-08-02 04:44:52,Bump org.springdoc:springdoc-openapi-starter-webmvc-ui from 2.8.8 to 3.0.3,2026-08-01T01:37:24Z,live_github_api
88plug/pangolin-plus,4,,,,npm,,,TEST,TEST,FAIL->FAIL,,0,,0,,,,2026-08-02 04:47:04,Bump typescript from 6.0.3 to 7.0.2 in the npm-dependencies group across 1 directory,2026-08-01T01:35:20Z,live_github_api
adipurnamk/landing-page,22,,,,npm,,,PASS,PASS,PASS->PASS,,0,,0,,,,2026-08-02 04:47:16,Bump vite from 6.4.1 to 8.2.0 in the npm_and_yarn group across 1 directory,2026-08-01T01:29:52Z,live_github_api
Samyrrrrrr990/libreml-studio,14,,,,npm,,,PASS,PASS,PASS->PASS,,0,,0,,,,2026-08-02 04:48:00,build(deps-dev): bump @testing-library/jest-dom from 6.9.1 to 7.0.0,2026-08-01T01:26:08Z,live_github_api
mikeymcfish/component-catalog-app,6,,,,npm,,,PASS,PASS,PASS->PASS,,0,,0,,,,2026-08-02 04:48:52,deps: bump react and @types/react,2026-07-30T18:47:41Z,live_github_api
rish2jain/ScenarioLab,6,,,,npm,,,PASS,PASS,PASS->PASS,,0,,0,,,,2026-08-02 04:49:13,chore(deps-dev): bump @playwright/test from 1.59.1 to 1.62.1,2026-07-30T17:24:39Z,live_github_api
jpsnover/ai-triad-research,221,,,,npm,,,PASS,PASS,PASS->PASS,,0,,0,,,,2026-08-02 04:49:35,chore(deps-dev): Bump @testing-library/jest-dom from 6.9.1 to 7.0.0 in /taxonomy-editor,2026-07-30T16:54:35Z,live_github_api
aryed/aryed.github.io,1,,,,npm,,,PASS,PASS,PASS->PASS,,0,,0,,,,2026-08-02 04:49:52,Bump sharp and astro,2026-07-30T16:35:43Z,live_github_api
Juupeee/jrouter,3,,,,npm,,,TEST,TEST,FAIL->FAIL,,0,,0,,,,2026-08-02 04:51:04,bump: bump the patch-and-minor group with 3 updates,2026-07-30T16:31:40Z,live_github_api
vkannantech/Raise-with-You,1,,,,npm,,,PASS,PASS,PASS->PASS,,0,,0,,,,2026-08-02 04:51:10,chore(deps-dev): bump eslint from 9.39.5 to 10.8.0,2026-07-30T16:30:34Z,live_github_api
riva-labs/bosphor,218,,,,npm,,,TEST,TEST,FAIL->FAIL,,0,,0,,,,2026-08-02 04:51:29,chore(deps-dev): bump typescript from 5.9.3 to 7.0.2 in /relayer,2026-07-30T16:21:52Z,live_github_api
riva-labs/bosphor,213,,,,npm,,,TEST,TEST,FAIL->FAIL,,0,,0,,,,2026-08-02 04:51:39,chore(deps-dev): bump typescript from 5.9.3 to 7.0.2,2026-07-30T16:19:32Z,live_github_api
dmethi/orchestrate-inc,7,,,,npm,,,PASS,PASS,PASS->PASS,,0,,0,,,,2026-08-02 04:51:44,chore(deps): bump framer-motion from 11.18.2 to 12.42.2,2026-07-30T16:12:18Z,live_github_api
toxicbishop/Mac-Portfolio,10,,,,npm,,,PASS,PASS,PASS->PASS,,0,,0,,,,2026-08-02 05:03:05,chore(deps): bump the react group with 3 updates,2026-08-01T04:30:16Z,live_github_api
Srinivas7337/OWASP-Juice-Shop-AppSec-,13,,,,npm,,,TEST,TEST,FAIL->FAIL,,0,,0,,,,2026-08-02 05:09:42,Bump @types/multer from 1.4.13 to 2.2.0,2026-08-01T03:28:29Z,live_github_api
murraco/node-jwt,81,,,,npm,,,TEST,TEST,FAIL->FAIL,,0,,0,,,,2026-08-02 05:10:03,Bump express from 4.22.2 to 5.2.1,2026-08-01T02:07:53Z,live_github_api
murraco/spring-boot-jwt,48,,,,maven,,,PASS,BUILD,PASS->FAIL,,0,,0,,,,2026-08-02 05:11:41,Bump org.springframework.boot:spring-boot-starter-parent from 3.5.13 to 4.1.0,2026-08-01T01:37:17Z,live_github_api
adipurnamk/landing-page,21,,,,npm,,,PASS,PASS,PASS->PASS,,0,,0,,,,2026-08-02 05:11:54,Bump picomatch from 2.3.1 to 4.0.3 in the npm_and_yarn group across 0 directory,2026-08-01T01:29:51Z,live_github_api
Samyrrrrrr990/libreml-studio,13,,,,npm,,,PASS,PASS,PASS->PASS,,0,,0,,,,2026-08-02 05:12:43,build(deps-dev): bump vitest from 3.2.7 to 4.1.10,2026-08-01T01:26:02Z,live_github_api
mikeymcfish/component-catalog-app,5,,,,npm,,,PASS,PASS,PASS->PASS,,0,,0,,,,2026-08-02 05:13:39,deps: bump three and @types/three,2026-07-30T18:47:23Z,live_github_api
rish2jain/ScenarioLab,5,,,,npm,,,PASS,PASS,PASS->PASS,,0,,0,,,,2026-08-02 05:14:05,chore(deps-dev): bump @types/node from 25.5.2 to 26.1.2,2026-07-30T17:24:32Z,live_github_api
riva-labs/bosphor,217,,,,npm,,,TEST,TEST,FAIL->FAIL,,0,,0,,,,2026-08-02 05:14:16,chore(deps-dev): bump @babel/plugin-transform-modules-commonjs from 7.29.7 to 8.0.1 in /relayer,2026-07-30T16:21:40Z,live_github_api
riva-labs/bosphor,212,,,,npm,,,TEST,TEST,FAIL->FAIL,,0,,0,,,,2026-08-02 05:14:26,chore(deps-dev): bump @types/node from 20.19.43 to 26.1.2 in /canary,2026-07-30T16:19:30Z,live_github_api
ronniepinnell/benchsight,13065,,,,npm,,,UNRUNNABLE,UNRUNNABLE,UNRUNNABLE,,0,,0,,,,2026-08-02 05:15:22,Bump react-easy-crop from 5.5.7 to 6.2.3 in /ui/dashboard,2026-07-30T16:02:30Z,live_github_api
OxiBelt/OxiBelt,142,,,,unknown,,,TEST,TEST,FAIL->FAIL,,0,,0,,,,2026-08-02 05:15:44,chore(deps): bump toml in /,2026-07-30T15:57:07Z,live_github_api
ronniepinnell/benchsight,13056,,,,pip,,,TEST,TEST,FAIL->FAIL,,0,,0,,,,2026-08-02 05:16:40,Bump the python-api-minor-patch group in /api with 2 updates,2026-07-30T15:54:49Z,live_github_api
Foxugly/FoxRunner_frontend_node20,27,,,,npm,,,PASS,PASS,PASS->PASS,,0,,0,,,,2026-08-02 05:18:05,chore(deps): bump @sigstore/core and @angular/cli,2026-07-30T15:47:43Z,live_github_api
aviadshiber/grafana-sankeyflow-panel,18,,,,npm,,,TEST,TEST,FAIL->FAIL,,0,,0,,,,2026-08-02 05:39:33,chore(deps-dev): bump brace-expansion from 1.1.17 to 5.0.8,2026-07-30T15:41:51Z,live_github_api
RosuLaurentiu/ChainWhisper-MCP,5,,,,npm,,,PASS,TEST,PASS->FAIL,,0,,0,,,,2026-08-02 05:41:11,Bump the production-dependencies group with 5 updates,2026-07-30T15:29:22Z,live_github_api
genaralakaun/next-evals-oss,23,,,,npm,,,TEST,TEST,FAIL->FAIL,,0,,0,,,,2026-08-02 05:41:26,Bump the npm_and_yarn group across 58 directories with 1 update,2026-07-30T15:11:50Z,live_github_api
bdsqqq/next-wasm-gif,11,,,,npm,,,PASS,PASS,PASS->PASS,,0,,0,,,,2026-08-02 05:41:46,build(deps): bump tar-fs from 2.1.1 to 2.1.5,2026-07-30T15:10:32Z,live_github_api
JamesSkemp/MyVideoGames,103,,,,npm,,,TEST,TEST,FAIL->FAIL,,0,,0,,,,2026-08-02 05:52:39,Bump postcss and @angular-devkit/build-angular,2026-07-30T15:07:59Z,live_github_api
bradford-tech/supabase-integrity-attest,121,,,,npm,,,TEST,TEST,FAIL->FAIL,,0,,0,,,,2026-08-02 05:54:04,chore(deps): bump the all group across 1 directory with 4 updates,2026-07-30T15:07:54Z,live_github_api
toxicbishop/Mac-Portfolio,9,,,,npm,,,PASS,PASS,PASS->PASS,,0,,0,,,,2026-08-02 06:09:04,chore(dev-deps): bump vite from 8.0.2 to 8.0.16,2026-08-01T04:30:09Z,live_github_api
Srinivas7337/OWASP-Juice-Shop-AppSec-,12,,,,npm,,,TEST,TEST,FAIL->FAIL,,0,,0,,,,2026-08-02 06:15:34,Bump @types/node from 25.9.5 to 26.1.2,2026-08-01T03:28:20Z,live_github_api
murraco/node-jwt,80,,,,npm,,,TEST,TEST,FAIL->FAIL,,0,,0,,,,2026-08-02 06:15:54,Bump body-parser from 1.20.6 to 2.3.0,2026-08-01T02:07:47Z,live_github_api
mikeymcfish/component-catalog-app,4,,,,npm,,,PASS,PASS,PASS->PASS,,0,,0,,,,2026-08-02 06:16:54,deps: bump @vitejs/plugin-react from 5.2.0 to 6.0.4,2026-07-30T18:47:10Z,live_github_api
rish2jain/ScenarioLab,4,,,,npm,,,PASS,PASS,PASS->PASS,,0,,0,,,,2026-08-02 06:17:11,chore(deps-dev): bump concurrently from 8.2.2 to 10.0.4,2026-07-30T17:24:27Z,live_github_api
riva-labs/bosphor,211,,,,npm,,,TEST,TEST,FAIL->FAIL,,0,,0,,,,2026-08-02 06:17:22,chore(deps): bump dotenv from 16.6.1 to 17.4.2 in /chaos,2026-07-30T16:19:29Z,live_github_api
ronniepinnell/benchsight,13064,,,,npm,,,UNRUNNABLE,UNRUNNABLE,UNRUNNABLE,,0,,0,,,,2026-08-02 06:18:23,Bump recharts from 2.15.4 to 3.10.1 in /ui/dashboard,2026-07-30T16:02:20Z,live_github_api
OxiBelt/OxiBelt,140,,,,unknown,,,TEST,TEST,FAIL->FAIL,,0,,0,,,,2026-08-02 06:18:45,chore(deps): bump rustls in /,2026-07-30T15:56:31Z,live_github_api
Foxugly/FoxRunner_frontend_node20,26,,,,npm,,,PASS,PASS,PASS->PASS,,0,,0,,,,2026-08-02 06:20:06,chore(deps): bump sigstore and @angular/cli,2026-07-30T15:47:31Z,live_github_api
bdsqqq/next-wasm-gif,10,,,,npm,,,PASS,PASS,PASS->PASS,,0,,0,,,,2026-08-02 06:20:22,build(deps): bump picomatch from 2.2.2 to 2.3.2,2026-07-30T15:10:16Z,live_github_api
HaithamAlMaamari/tablevote,10,,,,npm,,,PASS,PASS,PASS->PASS,,0,,0,,,,2026-08-02 06:20:52,Bump react-router from 7.18.1 to 8.3.0,2026-07-30T15:07:19Z,live_github_api
RangerChris/BottleRecycler,188,,,,npm,,,TEST,TEST,FAIL->FAIL,,0,,0,,,,2026-08-02 06:42:23,chore(deps): bump the npm_and_yarn group across 1 directory with 3 updates,2026-07-30T15:07:16Z,live_github_api
bdsqqq/iss-asset,18,,,,npm,,,PASS,PASS,PASS->PASS,,0,,0,,,,2026-08-02 06:42:55,build(deps): bump the npm_and_yarn group across 1 directory with 3 updates,2026-07-30T15:06:07Z,live_github_api
bdsqqq/vite-vanilla-withsarukacss,1,,,,npm,,,PASS,PASS,PASS->PASS,,0,,0,,,,2026-08-02 06:43:05,Bump the npm_and_yarn group across 1 directory with 3 updates,2026-07-30T15:06:03Z,live_github_api
thinkyou0714/public-docs,21,,,,npm,,,PASS,PASS,PASS->PASS,,0,,0,,,,2026-08-02 06:43:57,chore(deps-dev): bump postcss from 8.5.15 to 8.5.18,2026-07-30T15:00:11Z,live_github_api
djn203040-cmd/client-architecture,162,,,,npm,,,TEST,TEST,FAIL->FAIL,,0,,0,,,,2026-08-02 06:46:58,chore(deps): bump svix from 1.94.0 to 1.99.1,2026-07-30T14:56:31Z,live_github_api
lesterchan/wp-sweep,78,,,,npm,,,TEST,TEST,FAIL->FAIL,,0,,0,,,,2026-08-02 06:47:35,Bump esbuild and @wordpress/theme,2026-07-30T14:55:54Z,live_github_api
Dahkenangnon/Parako.ID,33,,,,npm,,,TEST,TEST,FAIL->FAIL,,0,,0,,,,2026-08-02 06:49:33,build(deps): bump the production-dependencies group across 1 directory with 4 updates,2026-07-30T14:55:07Z,live_github_api
tada5hi/pathtrace,203,,,,npm,,,PASS,PASS,PASS->PASS,,0,,0,,,,2026-08-02 06:49:53,build(deps-dev): bump typescript from 5.9.3 to 7.0.2 in the majordev group,2026-07-30T14:53:32Z,live_github_api
djn203040-cmd/client-architecture,156,,,,npm,,,TEST,TEST,FAIL->FAIL,,0,,0,,,,2026-08-02 06:52:59,chore(deps-dev): bump the dev-dependencies group across 1 directory with 3 updates,2026-07-30T14:48:13Z,live_github_api
toxicbishop/Mac-Portfolio,8,,,,npm,,,PASS,PASS,PASS->PASS,,0,,0,,,,2026-08-02 07:06:19,chore(dev-deps): bump postcss from 8.5.8 to 8.5.18,2026-08-01T04:29:59Z,live_github_api
Srinivas7337/OWASP-Juice-Shop-AppSec-,11,,,,npm,,,TEST,TEST,FAIL->FAIL,,0,,0,,,,2026-08-02 07:12:54,Bump socket.io from 3.1.2 to 4.8.3,2026-08-01T03:28:08Z,live_github_api
murraco/node-jwt,79,,,,npm,,,TEST,TEST,FAIL->FAIL,,0,,0,,,,2026-08-02 07:13:19,Bump chai from 4.2.0 to 6.2.2,2026-08-01T02:07:41Z,live_github_api
riva-labs/bosphor,210,,,,npm,,,TEST,TEST,FAIL->FAIL,,0,,0,,,,2026-08-02 07:13:29,chore(deps): bump dotenv from 16.6.1 to 17.4.2,2026-07-30T16:19:25Z,live_github_api
OxiBelt/OxiBelt,137,,,,cargo,,,INSTALL,INSTALL,FAIL->FAIL,,0,,0,,,,2026-08-02 07:13:33,chore(deps): bump jsonschema in /,2026-07-30T15:55:20Z,live_github_api
bdsqqq/next-wasm-gif,9,,,,npm,,,PASS,PASS,PASS->PASS,,0,,0,,,,2026-08-02 07:13:49,build(deps): bump pbkdf2 from 3.1.1 to 3.1.6,2026-07-30T15:10:01Z,live_github_api
RangerChris/BottleRecycler,187,,,,npm,,,TEST,TEST,FAIL->FAIL,,0,,0,,,,2026-08-02 07:35:10,chore(deps): bump the npm_and_yarn group across 1 directory with 2 updates,2026-07-30T15:07:12Z,live_github_api
HaithamAlMaamari/tablevote,9,,,,npm,,,PASS,PASS,PASS->PASS,,0,,0,,,,2026-08-02 07:35:48,Bump @types/node from 24.13.3 to 26.1.2,2026-07-30T15:06:50Z,live_github_api
djn203040-cmd/client-architecture,161,,,,npm,,,TEST,TEST,FAIL->FAIL,,0,,0,,,,2026-08-02 07:38:28,chore(deps): bump react from 19.2.7 to 19.2.8,2026-07-30T14:56:01Z,live_github_api
The-MDC/subgraphs-8c10ba7c,121,,,,npm,,,PASS,PASS,PASS->PASS,,0,,0,,,,2026-08-02 07:38:52,build(deps): bump the npm_and_yarn group across 60 directories with 2 updates,2026-07-30T14:46:54Z,live_github_api
J3vb/OwnCord,1273,,,,unknown,,,PASS,PASS,PASS->PASS,,0,,0,,,,2026-08-02 07:38:57,chore(deps): bump serde_with from 3.18.0 to 3.21.0 in /Client/tauri-client/src-tauri,2026-07-30T14:46:44Z,live_github_api
chittihq/duckling,95,,,,npm,,,PASS,PASS,PASS->PASS,,0,,0,,,,2026-08-02 07:40:03,chore(deps): bump the npm_and_yarn group across 2 directories with 19 updates,2026-07-30T14:43:57Z,live_github_api
ma7modsidky/multitenant-saas-erp,41,,,,npm,,,TEST,INSTALL,FAIL->FAIL,,0,,0,,,,2026-08-02 07:40:44,build(deps): bump the nestjs group across 1 directory with 8 updates,2026-07-30T14:43:02Z,live_github_api
keneanung/nexus-package-repository,809,,,,npm,,,PASS,PASS,PASS->PASS,,0,,0,,,,2026-08-02 07:41:03,Bump picomatch and expect,2026-07-30T14:41:11Z,live_github_api
irresi/gbrain-connectors,6,,,,npm,,,TEST,TEST,FAIL->FAIL,,0,,0,,,,2026-08-02 07:41:20,build(deps-dev): bump @biomejs/biome from 2.1.3 to 2.5.6,2026-07-30T14:36:46Z,live_github_api
Andersseen/imageryx,16,,,,npm,,,PASS,PASS,PASS->PASS,,0,,0,,,,2026-08-02 07:43:57,build(deps-dev): bump vite from 7.3.6 to 8.2.0,2026-07-30T14:36:31Z,live_github_api
nguyendinhngoc23052006/nguyen-le-khanh-portfolio,3,,,,npm,,,PASS,PASS,PASS->PASS,,0,,0,,,,2026-08-02 07:44:08,Bump esbuild and vite,2026-07-30T14:35:44Z,live_github_api
cuzfrog/module-gates,56,,,,npm,,,TEST,TEST,FAIL->FAIL,,0,,0,,,,2026-08-02 07:44:46,chore(deps-dev): bump postcss from 8.5.15 to 8.5.25,2026-07-30T14:34:33Z,live_github_api
documentdb/documentdb.github.io,95,,,,npm,,,PASS,PASS,PASS->PASS,,0,,0,,,,2026-08-02 07:45:33,npm(deps-dev): bump typescript from 5.9.3 to 7.0.2,2026-07-30T14:34:21Z,live_github_api
documentdb/documentdb.github.io,92,,,,npm,,,PASS,PASS,PASS->PASS,,0,,0,,,,2026-08-02 07:46:17,npm(deps-dev): bump eslint-config-next from 15.5.4 to 16.2.12,2026-07-30T14:34:01Z,live_github_api
Srinivas7337/OWASP-Juice-Shop-AppSec-,10,,,,npm,,,TEST,TEST,FAIL->FAIL,,0,,0,,,,2026-08-02 08:02:10,Bump ai from 6.0.239 to 7.0.41,2026-08-01T03:27:47Z,live_github_api
riva-labs/bosphor,209,,,,npm,,,TEST,TEST,FAIL->FAIL,,0,,0,,,,2026-08-02 08:02:21,chore(deps-dev): bump @types/node from 20.19.43 to 26.1.2 in /chaos,2026-07-30T16:19:24Z,live_github_api
OxiBelt/OxiBelt,136,,,,unknown,,,TEST,TEST,FAIL->FAIL,,0,,0,,,,2026-08-02 08:02:43,chore(deps): bump http in /,2026-07-30T15:55:00Z,live_github_api
bdsqqq/next-wasm-gif,8,,,,npm,,,PASS,PASS,PASS->PASS,,0,,0,,,,2026-08-02 08:02:58,build(deps): bump json5 from 1.0.1 to 1.0.2,2026-07-30T15:09:13Z,live_github_api
HaithamAlMaamari/tablevote,8,,,,npm,,,PASS,PASS,PASS->PASS,,0,,0,,,,2026-08-02 08:03:29,Bump vite from 8.1.5 to 8.2.0,2026-07-30T15:06:45Z,live_github_api
djn203040-cmd/client-architecture,160,,,,npm,,,TEST,TEST,FAIL->FAIL,,0,,0,,,,2026-08-02 08:06:12,chore(deps): bump @radix-ui/react-slot from 1.2.4 to 1.3.3,2026-07-30T14:55:29Z,live_github_api
J3vb/OwnCord,1272,,,,unknown,,,PASS,PASS,PASS->PASS,,0,,0,,,,2026-08-02 08:06:17,chore(deps): bump tar from 0.4.45 to 0.4.46 in /Client/tauri-client/src-tauri,2026-07-30T14:46:43Z,live_github_api
The-MDC/subgraphs-8c10ba7c,119,,,,npm,,,PASS,PASS,PASS->PASS,,0,,0,,,,2026-08-02 08:06:43,build(deps): bump the npm_and_yarn group across 54 directories with 2 updates,2026-07-30T14:44:54Z,live_github_api
Andersseen/imageryx,15,,,,npm,,,PASS,PASS,PASS->PASS,,0,,0,,,,2026-08-02 08:09:17,build(deps): bump zod from 4.3.6 to 4.4.3,2026-07-30T14:36:00Z,live_github_api
qyangcv/zopilot,24,,,,npm,,,TEST,TEST,FAIL->FAIL,,0,,0,,,,2026-08-02 08:10:43,chore(deps-dev): bump eslint from 10.6.0 to 10.8.0 in the eslint-toolchain group,2026-07-30T04:56:55Z,live_github_api
ricardomb-tech/reto-02,2,,,,pip,,,PASS,INSTALL,PASS->FAIL,,0,,0,,,,2026-08-02 08:10:48,Bump python-dotenv from 1.0.1 to 1.2.2,2026-07-30T04:54:34Z,live_github_api
mdecalza/mdecalza.github.io,409,,,,npm,,,PASS,PASS,PASS->PASS,,0,,0,,,,2026-08-02 08:11:13,Bump react-router from 7.15.1 to 8.3.0,2026-07-30T04:51:49Z,live_github_api
niavasha/plex-mcp-server,106,,,,npm,,,PASS,PASS,PASS->PASS,,0,,0,,,,2026-08-02 08:11:27,build(deps): bump axios from 1.18.1 to 1.19.0 in the production-dependencies group,2026-07-30T04:47:45Z,live_github_api
Vigneshkumar212/LANServer,1,,,,npm,,,PASS,PASS,PASS->PASS,,0,,0,,,,2026-08-02 08:11:37,Bump express from 4.19.2 to 4.22.0,2026-07-30T04:46:39Z,live_github_api
NeuroKoder3/TransTrackMedical-TransTrack,198,,,,npm,,,PASS,PASS,PASS->PASS,,0,,0,,,,2026-08-02 08:13:12,deps: bump @radix-ui/react-popover from 1.1.16 to 1.1.23,2026-07-30T04:45:41Z,live_github_api
Rexezuge-AmazonWebServices/M365-Renew-V2,163,,,,npm,,,PASS,PASS,PASS->PASS,,0,,0,,,,2026-08-02 08:13:40,Build(deps-dev): bump eslint from 10.6.0 to 10.8.0,2026-07-30T04:45:18Z,live_github_api
Srinivas7337/OWASP-Juice-Shop-AppSec-,9,,,,npm,,,TEST,TEST,FAIL->FAIL,,0,,0,,,,2026-08-02 08:26:53,Bump i18n from 0.11.1 to 0.15.3,2026-08-01T03:26:48Z,live_github_api
riva-labs/bosphor,208,,,,npm,,,TEST,TEST,FAIL->FAIL,,0,,0,,,,2026-08-02 08:27:05,chore(deps-dev): bump typescript from 5.9.3 to 7.0.2 in /canary,2026-07-30T16:19:24Z,live_github_api
OxiBelt/OxiBelt,132,,,,npm,,,TEST,TEST,FAIL->FAIL,,0,,0,,,,2026-08-02 08:27:27,chore(deps-dev): bump eslint from 10.7.0 to 10.8.0,2026-07-30T15:54:21Z,live_github_api
bdsqqq/next-wasm-gif,7,,,,npm,,,PASS,PASS,PASS->PASS,,0,,0,,,,2026-08-02 08:27:41,build(deps): bump simple-get from 3.1.0 to 3.1.1,2026-07-30T15:08:58Z,live_github_api
HaithamAlMaamari/tablevote,7,,,,npm,,,PASS,PASS,PASS->PASS,,0,,0,,,,2026-08-02 08:28:12,Bump @radix-ui/react-alert-dialog from 1.1.22 to 1.1.23,2026-07-30T15:06:30Z,live_github_api
djn203040-cmd/client-architecture,159,,,,unknown,,,TEST,TEST,FAIL->FAIL,,0,,0,,,,2026-08-02 08:30:56,chore(deps-dev): bump postcss from 8.5.18 to 8.5.25 in the dev-dependencies group across 1 directory,2026-07-30T14:55:15Z,live_github_api
J3vb/OwnCord,1271,,,,npm,,,PASS,PASS,PASS->PASS,,0,,0,,,,2026-08-02 08:31:01,chore(deps): bump @hono/node-server and @modelcontextprotocol/sdk in /tools/mcp-introspect,2026-07-30T14:46:42Z,live_github_api
The-MDC/subgraphs-8c10ba7c,118,,,,npm,,,PASS,PASS,PASS->PASS,,0,,0,,,,2026-08-02 08:31:25,build(deps): bump the npm_and_yarn group across 67 directories with 2 updates,2026-07-30T14:43:19Z,live_github_api
qyangcv/zopilot,23,,,,npm,,,TEST,TEST,FAIL->FAIL,,0,,0,,,,2026-08-02 08:32:48,chore(deps): bump the agents-sdk group with 2 updates,2026-07-30T04:56:48Z,live_github_api
ricardomb-tech/reto-02,1,,,,pip,,,PASS,INSTALL,PASS->FAIL,,0,,0,,,,2026-08-02 08:32:53,Bump requests from 2.32.3 to 2.33.0,2026-07-30T04:54:33Z,live_github_api
NeuroKoder3/TransTrackMedical-TransTrack,194,,,,npm,,,PASS,PASS,PASS->PASS,,0,,0,,,,2026-08-02 08:34:29,deps(server): bump pino from 9.14.0 to 10.3.1 in /server,2026-07-30T04:45:17Z,live_github_api
riva-labs/bosphor,207,,,,npm,,,TEST,TEST,FAIL->FAIL,,0,,0,,,,2026-08-02 08:37:57,chore(deps-dev): bump @types/node from 20.19.37 to 26.1.2,2026-07-30T16:19:21Z,live_github_api
OxiBelt/OxiBelt,130,,,,npm,,,TEST,TEST,FAIL->FAIL,,0,,0,,,,2026-08-02 08:38:22,chore(deps): bump smol-toml from 1.7.0 to 1.7.1,2026-07-30T15:54:09Z,live_github_api
bdsqqq/next-wasm-gif,6,,,,npm,,,PASS,PASS,PASS->PASS,,0,,0,,,,2026-08-02 08:38:36,build(deps): bump glob-parent from 5.1.1 to 5.1.2,2026-07-30T15:08:50Z,live_github_api
HaithamAlMaamari/tablevote,6,,,,npm,,,PASS,PASS,PASS->PASS,,0,,0,,,,2026-08-02 08:39:07,Bump @vitejs/plugin-react-swc from 4.3.2 to 4.3.3,2026-07-30T15:06:24Z,live_github_api
djn203040-cmd/client-architecture,157,,,,npm,,,TEST,TEST,FAIL->FAIL,,0,,0,,,,2026-08-02 08:41:48,chore(deps): bump radix-ui from 1.4.3 to 1.6.7,2026-07-30T14:55:00Z,live_github_api
J3vb/OwnCord,1270,,,,unknown,,,PASS,PASS,PASS->PASS,,0,,0,,,,2026-08-02 08:41:53,chore(deps): bump tauri from 2.11.0 to 2.11.1 in /Client/tauri-client/src-tauri,2026-07-30T14:46:38Z,live_github_api
The-MDC/subgraphs-8c10ba7c,115,,,,npm,,,PASS,PASS,PASS->PASS,,0,,0,,,,2026-08-02 08:42:16,build(deps): bump the npm_and_yarn group across 2 directories with 1 update,2026-07-30T14:37:43Z,live_github_api
NeuroKoder3/TransTrackMedical-TransTrack,193,,,,npm,,,PASS,PASS,PASS->PASS,,0,,0,,,,2026-08-02 08:43:50,deps: bump @types/node from 26.1.1 to 26.1.2,2026-07-30T04:45:13Z,live_github_api
riva-labs/bosphor,206,,,,npm,,,TEST,TEST,FAIL->FAIL,,0,,0,,,,2026-08-02 08:45:29,chore(deps-dev): bump typescript from 5.9.3 to 7.0.2 in /chaos,2026-07-30T16:19:19Z,live_github_api
bdsqqq/next-wasm-gif,5,,,,npm,,,PASS,PASS,PASS->PASS,,0,,0,,,,2026-08-02 08:45:43,build(deps): bump cipher-base from 1.0.4 to 1.0.7,2026-07-30T15:08:43Z,live_github_api
HaithamAlMaamari/tablevote,5,,,,npm,,,PASS,PASS,PASS->PASS,,0,,0,,,,2026-08-02 08:46:13,Bump framer-motion from 12.42.2 to 12.43.0,2026-07-30T15:06:11Z,live_github_api
J3vb/OwnCord,1269,,,,npm,,,PASS,PASS,PASS->PASS,,0,,0,,,,2026-08-02 08:46:18,chore(deps-dev): bump defu from 6.1.4 to 6.1.7,2026-07-30T14:46:36Z,live_github_api
NeuroKoder3/TransTrackMedical-TransTrack,192,,,,npm,,,PASS,PASS,PASS->PASS,,0,,0,,,,2026-08-02 08:47:52,deps(server): bump argon2 from 0.41.1 to 0.45.1 in /server,2026-07-30T04:45:10Z,live_github_api
riva-labs/bosphor,205,,,,npm,,,TEST,TEST,FAIL->FAIL,,0,,0,,,,2026-08-02 08:49:13,chore(deps): bump dotenv from 16.6.1 to 17.4.2 in /canary,2026-07-30T16:19:18Z,live_github_api
bdsqqq/next-wasm-gif,4,,,,npm,,,PASS,PASS,PASS->PASS,,0,,0,,,,2026-08-02 08:49:27,build(deps): bump browserify-sign from 4.2.1 to 4.2.6,2026-07-30T15:08:26Z,live_github_api
J3vb/OwnCord,1268,,,,go,,,INSTALL,INSTALL,FAIL->FAIL,,0,,0,,,,2026-08-02 08:49:29,chore(deps): bump github.com/google/cel-go from 0.28.1 to 0.29.0 in /Server,2026-07-30T14:46:31Z,live_github_api
NeuroKoder3/TransTrackMedical-TransTrack,190,,,,npm,,,PASS,PASS,PASS->PASS,,0,,0,,,,2026-08-02 08:50:58,deps: bump @radix-ui/react-toggle from 1.1.10 to 1.1.18,2026-07-30T04:45:05Z,live_github_api
riva-labs/bosphor,204,,,,npm,,,TEST,TEST,FAIL->FAIL,,0,,0,,,,2026-08-02 08:52:25,chore(deps): bump the minor-and-patch group with 3 updates,2026-07-30T16:19:16Z,live_github_api
bdsqqq/next-wasm-gif,3,,,,npm,,,PASS,PASS,PASS->PASS,,0,,0,,,,2026-08-02 08:52:39,build(deps): bump sha.js from 2.4.11 to 2.4.12,2026-07-30T15:08:07Z,live_github_api
J3vb/OwnCord,1267,,,,go,,,INSTALL,INSTALL,FAIL->FAIL,,0,,0,,,,2026-08-02 08:52:41,chore(deps): bump google.golang.org/grpc from 1.81.1 to 1.82.1 in /Server,2026-07-30T14:46:27Z,live_github_api
NeuroKoder3/TransTrackMedical-TransTrack,189,,,,npm,,,PASS,PASS,PASS->PASS,,0,,0,,,,2026-08-02 08:54:08,deps(server): bump @fastify/rate-limit from 10.3.0 to 11.2.0 in /server,2026-07-30T04:45:00Z,live_github_api
riva-labs/bosphor,203,,,,npm,,,TEST,TEST,FAIL->FAIL,,0,,0,,,,2026-08-02 08:54:44,chore(deps): bump the minor-and-patch group in /canary with 2 updates,2026-07-30T16:19:14Z,live_github_api
bdsqqq/next-wasm-gif,2,,,,npm,,,PASS,PASS,PASS->PASS,,0,,0,,,,2026-08-02 08:54:57,build(deps): bump braces from 3.0.2 to 3.0.3,2026-07-30T15:07:50Z,live_github_api
riva-labs/bosphor,202,,,,npm,,,TEST,TEST,FAIL->FAIL,,0,,0,,,,2026-08-02 08:55:33,chore(deps): bump tsx from 4.23.0 to 4.23.1 in /chaos in the minor-and-patch group,2026-07-30T16:19:12Z,live_github_api
bdsqqq/next-wasm-gif,1,,,,npm,,,PASS,PASS,PASS->PASS,,0,,0,,,,2026-08-02 08:55:58,build(deps): bump the npm_and_yarn group across 1 directory with 7 updates,2026-07-30T15:07:35Z,live_github_api
Chaitanya-karri/Unlimited-Ai,3,,,,npm,,,TEST,TEST,FAIL->FAIL,,0,,0,,,,2026-08-02 14:26:31,deps: bump the production group with 5 updates,2026-08-02T09:15:35Z,live_github_api
ChaLconner/purrfect-spots,171,,,,npm,,,TEST,TEST,FAIL->FAIL,,0,,0,,,,2026-08-02 14:27:41,deps(frontend): bump the minor-and-patch group across 1 directory with 6 updates,2026-08-02T09:15:11Z,live_github_api
pangxueyuan2-creator/oss-readme-studio,17,,,,npm,,,PASS,PASS,PASS->PASS,,0,,0,,,,2026-08-02 14:28:50,Bump eslint from 9.39.4 to 10.8.0,2026-08-02T09:08:18Z,live_github_api
madebyclowd/taiga-mcp-server,13,,,,npm,,,PASS,TEST,PASS->FAIL,,0,,0,,,,2026-08-02 14:29:15,chore(deps): bump zod from 3.25.76 to 4.4.3 in the npm-production-dependencies group,2026-08-02T09:05:09Z,live_github_api
JakubBialoskorski/bialoskorski-eu,259,,,,npm,,,PASS,PASS,PASS->PASS,,0,,0,,,,2026-08-02 14:29:51,build(deps): bump typescript from 5.9.3 to 7.0.2,2026-08-02T08:59:46Z,live_github_api
ismailcherri/merge-pro,18,,,,npm,,,PASS,PASS,PASS->PASS,,0,,0,,,,2026-08-02 14:31:02,chore(deps-dev): bump postcss from 8.5.16 to 8.5.25,2026-08-02T08:43:37Z,live_github_api
GARTO-STUD/QAWLA,5,,,,npm,,,TEST,TEST,FAIL->FAIL,,0,,0,,,,2026-08-02 14:32:54,build(deps-dev): bump postcss from 8.5.16 to 8.5.18 in the npm_and_yarn group across 1 directory,2026-08-02T08:20:55Z,live_github_api
Achswap/Achswap,13,,,,npm,,,TEST,TEST,FAIL->FAIL,,0,,0,,,,2026-08-02 14:34:53,Bump react-day-picker from 8.10.1 to 10.0.1,2026-08-02T07:58:48Z,live_github_api
Achswap/Achswap,9,,,,npm,,,TEST,TEST,FAIL->FAIL,,0,,0,,,,2026-08-02 14:36:46,Bump date-fns from 3.6.0 to 4.4.0,2026-08-02T07:58:09Z,live_github_api
wassupluke/immich,20,,,,npm,,,PASS,PASS,PASS->PASS,,0,,0,,,,2026-08-02 14:38:29,chore(deps): bump the npm_and_yarn group across 3 directories with 4 updates,2026-08-02T07:51:24Z,live_github_api
Pavaneswar-999/CRM360,11,,,,npm,,,TEST,TEST,FAIL->FAIL,,0,,0,,,,2026-08-02 14:38:37,Bump react-router from 7.11.0 to 8.3.0 in /client,2026-08-02T07:48:33Z,live_github_api
Anshu331/Project_management_tool,166,,,,npm,,,PASS,PASS,PASS->PASS,,0,,0,,,,2026-08-02 14:39:35,deps: bump @radix-ui/react-separator from 1.1.11 to 1.1.15,2026-08-02T07:44:16Z,live_github_api
Anshu331/Project_management_tool,165,,,,npm,,,PASS,PASS,PASS->PASS,,0,,0,,,,2026-08-02 14:40:24,deps: bump @hookform/resolvers from 4.0.0 to 5.5.7,2026-08-02T07:44:06Z,live_github_api
Anshu331/Project_management_tool,163,,,,npm,,,PASS,PASS,PASS->PASS,,0,,0,,,,2026-08-02 14:41:14,deps: bump @radix-ui/react-dropdown-menu from 2.1.16 to 2.1.24,2026-08-02T07:43:34Z,live_github_api
AlessioBrillo/dominus,204,,,,npm,,,TEST,TEST,FAIL->FAIL,,0,,0,,,,2026-08-02 14:42:01,chore(deps-dev): bump the development group with 6 updates,2026-08-02T07:42:36Z,live_github_api
nexifyai-dev/nexify-agentur-plattform,182,,,,npm,,,TEST,TEST,FAIL->FAIL,,0,,0,,,,2026-08-02 14:42:32,chore(deps): bump lucide-react from 0.468.0 to 1.28.0 in /apps/website,2026-08-02T07:33:50Z,live_github_api
pavancharak/parmana-sign,9,,,,npm,,,PASS,PASS,PASS->PASS,,0,,0,,,,2026-08-02 14:42:43,Bump eslint from 9.39.5 to 10.8.0,2026-08-02T07:18:41Z,live_github_api
SakuraPuare/Hive,26,,,,npm,,,PASS,PASS,PASS->PASS,,0,,0,,,,2026-08-02 14:42:57,build(deps): bump the npm_and_yarn group across 2 directories with 4 updates,2026-08-02T07:16:22Z,live_github_api
leedj8886/ai-app-builder-foundation,10,,,,npm,,,PASS,PASS,PASS->PASS,,0,,0,,,,2026-08-02 14:44:00,chore(deps-dev): bump turbo from 1.13.4 to 2.10.7,2026-08-02T07:13:38Z,live_github_api
leedj8886/ai-app-builder-foundation,8,,,,npm,,,PASS,PASS,PASS->PASS,,0,,0,,,,2026-08-02 14:44:59,chore(deps): bump the production-security-updates group across 1 directory with 5 updates,2026-08-02T07:13:17Z,live_github_api
pangxueyuan2-creator/oss-readme-studio,16,,,,npm,,,PASS,TEST,PASS->FAIL,,0,,0,,,,2026-08-02 14:45:52,Bump react-dom from 19.2.6 to 19.2.8,2026-08-02T09:08:09Z,live_github_api
madebyclowd/taiga-mcp-server,12,,,,npm,,,PASS,PASS,PASS->PASS,,0,,0,,,,2026-08-02 14:46:20,chore(deps-dev): bump the npm-dev-dependencies group with 8 updates,2026-08-02T09:04:57Z,live_github_api
pangxueyuan2-creator/oss-readme-studio,15,,,,npm,,,PASS,TEST,PASS->FAIL,,0,,0,,,,2026-08-06 08:00:19,Bump react and @types/react,2026-08-02T09:08:07Z,live_github_api
Achswap/Achswap,11,,,,npm,,,TEST,TEST,FAIL->FAIL,,0,,0,,,,2026-08-06 08:03:15,Bump react-dom and @types/react-dom,2026-08-02T07:58:32Z,live_github_api
Achswap/Achswap,8,,,,npm,,,TEST,TEST,FAIL->FAIL,,0,,0,,,,2026-08-06 08:06:13,Bump zod-validation-error from 3.4.0 to 5.0.0,2026-08-02T07:58:01Z,live_github_api
Achswap/Achswap,7,,,,npm,,,TEST,TEST,FAIL->FAIL,,0,,0,,,,2026-08-06 08:09:11,Bump @hookform/resolvers from 3.10.0 to 5.5.7,2026-08-02T07:57:55Z,live_github_api
Anshu331/Project_management_tool,162,,,,npm,,,PASS,PASS,PASS->PASS,,0,,0,,,,2026-08-06 08:10:26,deps: bump @radix-ui/react-tabs from 1.1.14 to 1.1.21,2026-08-02T07:43:23Z,live_github_api
Anshu331/Project_management_tool,161,,,,npm,,,PASS,PASS,PASS->PASS,,0,,0,,,,2026-08-06 08:11:43,deps: bump nuqs from 2.9.1 to 2.9.3,2026-08-02T07:43:11Z,live_github_api
AlessioBrillo/dominus,203,,,,npm,,,TEST,TEST,FAIL->FAIL,,0,,0,,,,2026-08-06 08:13:07,chore(deps-dev): bump the development group in /frontend with 7 updates,2026-08-02T07:42:32Z,live_github_api
nexifyai-dev/nexify-agentur-plattform,177,,,,npm,,,TEST,TEST,FAIL->FAIL,,0,,0,,,,2026-08-06 08:13:39,chore(deps): bump tailwindcss from 4.3.2 to 4.3.3 in /apps/website,2026-08-02T07:33:28Z,live_github_api
pavancharak/parmana-sign,8,,,,npm,,,PASS,PASS,PASS->PASS,,0,,0,,,,2026-08-06 08:13:53,Bump typescript from 5.9.3 to 7.0.2,2026-08-02T07:18:36Z,live_github_api
mafhper/mark-lee,117,,,,npm,,,PASS,PASS,PASS->PASS,,0,,0,,,,2026-08-06 08:14:20,chore(deps-dev): bump postcss from 8.5.15 to 8.5.25 in /apps/site,2026-08-02T07:11:49Z,live_github_api
mafhper/mark-lee,116,,,,npm,,,PASS,PASS,PASS->PASS,,0,,0,,,,2026-08-06 08:14:46,chore(deps-dev): bump postcss from 8.5.15 to 8.5.25,2026-08-02T07:11:47Z,live_github_api
odrru/tgaif,5,,,,npm,,,PASS,PASS,PASS->PASS,,0,,0,,,,2026-08-06 08:15:36,chore(deps-dev): bump the development-dependencies group with 3 updates,2026-08-02T07:10:32Z,live_github_api
odrru/tgaif,4,,,,npm,,,PASS,PASS,PASS->PASS,,0,,0,,,,2026-08-06 08:16:24,chore(deps): bump the production-dependencies group with 2 updates,2026-08-02T07:10:05Z,live_github_api
sode0417/factrail,185,,,,npm,,,PASS,PASS,PASS->PASS,,0,,0,,,,2026-08-06 08:18:26,chore(deps): bump @chakra-ui/react from 2.10.9 to 3.36.0,2026-08-02T07:06:08Z,live_github_api
nexifyai-dev/nexify-agentur-plattform,129,,,,pip,,,INSTALL,INSTALL,FAIL->FAIL,,0,,0,,,,2026-08-06 08:18:51,chore(deps): bump litellm from 1.80.0 to 1.93.0 in /backend,2026-08-02T06:49:35Z,live_github_api
react-dropzone/react-dropzone,1499,,,,npm,,,PASS,PASS,PASS->PASS,,0,,0,,,,2026-08-06 08:20:51,chore(deps): bump jsdom from 29.1.1 to 30.0.1,2026-08-02T06:43:38Z,live_github_api
leedj8886/ai-app-builder-foundation,5,,,,npm,,,PASS,PASS,PASS->PASS,,0,,0,,,,2026-08-06 08:22:25,chore(deps): bump postcss from 8.5.8 to 8.5.25,2026-08-02T06:43:36Z,live_github_api
leedj8886/ai-app-builder-foundation,6,,,,npm,,,PASS,PASS,PASS->PASS,,0,,0,,,,2026-08-06 08:23:59,chore(deps): bump body-parser from 1.20.4 to 1.20.6,2026-08-02T06:43:36Z,live_github_api
Rhytam23/stu-ai,7,,,,npm,,,PASS,PASS,PASS->PASS,,0,,0,,,,2026-08-06 08:25:13,Bump react-dom from 19.2.4 to 19.2.8,2026-08-02T06:30:16Z,live_github_api
maddurvamsi45/Zomato-Project-1,8,,,,npm,,,TEST,TEST,FAIL->FAIL,,0,,0,,,,2026-08-06 08:27:24,Bump the npm_and_yarn group across 1 directory with 6 updates,2026-08-02T06:17:08Z,live_github_api
maddurvamsi45/Zomato-Project-1,5,,,,npm,,,TEST,TEST,FAIL->FAIL,,0,,0,,,,2026-08-06 08:29:31,Bump express from 4.18.2 to 4.22.2 in the npm_and_yarn group across 1 directory,2026-08-02T06:14:04Z,live_github_api
DrTonks/tonks-blog,2,,,,npm,,,PASS,PASS,PASS->PASS,,0,,0,,,,2026-08-06 08:30:49,Bump the minor-updates group with 19 updates,2026-08-02T06:13:42Z,live_github_api
DrTonks/tonks-blog,1,,,,npm,,,PASS,PASS,PASS->PASS,,0,,0,,,,2026-08-06 08:32:02,Bump the patch-updates group with 15 updates,2026-08-02T06:09:12Z,live_github_api
chika-create/portfolio,93,,,,npm,,,PASS,INSTALL,PASS->FAIL,,0,,0,,,,2026-08-06 08:32:42,chore(deps): bump typescript from 6.0.3 to 7.0.2,2026-08-02T06:07:38Z,live_github_api
dairui1/agentlab,23,,,,npm,,,UNRUNNABLE,UNRUNNABLE,UNRUNNABLE,,0,,0,,,,2026-08-06 08:32:43,Bump the site-dependencies group in /site with 4 updates,2026-08-02T06:07:02Z,live_github_api
chokanche/vibuco,20,,,,npm,,,PASS,PASS,PASS->PASS,,0,,0,,,,2026-08-06 08:34:41,Bump shell-quote and next,2026-08-02T06:04:38Z,live_github_api
chokanche/vibuco,19,,,,npm,,,PASS,PASS,PASS->PASS,,0,,0,,,,2026-08-06 08:36:28,Bump tar and next,2026-08-02T06:04:26Z,live_github_api
dairui1/agentlab,17,,,,npm,,,UNRUNNABLE,UNRUNNABLE,UNRUNNABLE,,0,,0,,,,2026-08-06 08:36:30,Bump react-dom from 19.2.7 to 19.2.8 in /site,2026-08-02T06:03:05Z,live_github_api
dairui1/agentlab,9,,,,npm,,,UNRUNNABLE,UNRUNNABLE,UNRUNNABLE,,0,,0,,,,2026-08-06 08:36:31,Bump monaco-editor from 0.52.2 to 0.56.0 in /apps/agent-history,2026-08-02T06:02:36Z,live_github_api
adamakh01/very-cool-website,11,,,,npm,,,PASS,PASS,PASS->PASS,,0,,0,,,,2026-08-06 08:36:52,Bump vite from 7.3.1 to 8.1.5,2026-08-02T06:00:13Z,live_github_api
2705911421/AI-local-study,20,,,,npm,,,PASS,PASS,PASS->PASS,,0,,0,,,,2026-08-06 08:39:08,Bump typescript from 5.9.3 to 7.0.2,2026-08-02T06:00:09Z,live_github_api
2705911421/AI-local-study,19,,,,npm,,,PASS,PASS,PASS->PASS,,0,,0,,,,2026-08-06 08:41:21,Bump @vitest/coverage-v8 from 3.2.7 to 4.1.10,2026-08-02T05:59:58Z,live_github_api
adamakh01/very-cool-website,9,,,,npm,,,PASS,PASS,PASS->PASS,,0,,0,,,,2026-08-06 08:41:39,Bump @sveltejs/vite-plugin-svelte from 6.1.0 to 7.2.0,2026-08-02T05:59:51Z,live_github_api
omuno25/on-tap-giao-ly,5,,,,npm,,,TEST,TEST,FAIL->FAIL,,0,,0,,,,2026-08-06 08:42:57,chore(deps-dev): bump @types/node from 20.19.43 to 26.1.2,2026-08-02T05:55:16Z,live_github_api
omuno25/on-tap-giao-ly,4,,,,npm,,,TEST,TEST,FAIL->FAIL,,0,,0,,,,2026-08-06 08:44:09,chore(deps): bump lucide-react from 0.553.0 to 1.27.0,2026-08-02T05:55:08Z,live_github_api
gbordes77/manatuner,58,,,,npm,,,TEST,TEST,FAIL->FAIL,,0,,0,,,,2026-08-06 09:06:07,deps(deps-dev): bump eslint from 8.57.1 to 10.8.0,2026-08-02T05:48:15Z,live_github_api
gbordes77/manatuner,57,,,,npm,,,TEST,TEST,FAIL->FAIL,,0,,0,,,,2026-08-06 09:27:56,deps(deps-dev): bump the development-minor-patch group with 8 updates,2026-08-02T05:48:06Z,live_github_api
danixsofyan/bloombox,7,,,,npm,,,PASS,PASS,PASS->PASS,,0,,0,,,,2026-08-06 09:29:34,chore(deps-dev): bump typescript from 5.9.3 to 6.0.3,2026-08-02T05:46:53Z,live_github_api
siddharthagarwal1983/PanchangPal,96,,,,npm,,,PASS,PASS,PASS->PASS,,0,,0,,,,2026-08-06 09:31:36,chore(deps-dev): bump eslint from 8.57.1 to 9.8.0,2026-08-02T05:46:19Z,live_github_api
AlessioBrillo/dominus,197,,,,npm,,,PASS,PASS,PASS->PASS,,0,,0,,,,2026-08-06 09:32:59,chore(deps): bump the production group across 1 directory with 4 updates,2026-08-02T05:39:12Z,live_github_api
siddharthagarwal1983/PanchangPal,92,,,,npm,,,PASS,PASS,PASS->PASS,,0,,0,,,,2026-08-06 09:35:04,chore(deps-dev): bump @babel/core from 7.29.7 to 8.0.1,2026-08-02T05:30:58Z,live_github_api
siddharthagarwal1983/PanchangPal,90,,,,npm,,,PASS,PASS,PASS->PASS,,0,,0,,,,2026-08-06 09:37:00,chore(deps-dev): bump @testing-library/react-native from 13.3.3 to 14.0.1,2026-08-02T05:29:37Z,live_github_api
siddharthagarwal1983/PanchangPal,89,,,,npm,,,PASS,PASS,PASS->PASS,,0,,0,,,,2026-08-06 09:39:00,chore(deps-dev): bump babel-preset-expo from 54.0.12 to 57.0.5,2026-08-02T05:29:15Z,live_github_api
drmotionart-dot/Hepatobilary-backend,10,,,,npm,,,TEST,TEST,FAIL->FAIL,,0,,0,,,,2026-08-06 09:39:57,chore(deps-dev): bump typescript from 5.9.3 to 7.0.2,2026-08-02T05:22:06Z,live_github_api
Masterleeaus/Titan-Builder,63,,,,npm,,,TEST,TEST,FAIL->FAIL,,0,,0,,,,2026-08-06 09:40:15,chore(deps-dev): bump vitest from 2.1.9 to 3.2.6,2026-08-02T05:17:56Z,live_github_api
drmotionart-dot/Hepatobilary-backend,9,,,,npm,,,TEST,TEST,FAIL->FAIL,,0,,0,,,,2026-08-06 09:41:09,chore(deps-dev): bump eslint-config-next from 14.2.35 to 16.2.12,2026-08-02T05:08:11Z,live_github_api
drmotionart-dot/Hepatobilary,8,,,,npm,,,PASS,PASS,PASS->PASS,,0,,0,,,,2026-08-06 09:41:51,chore(deps): bump react and @types/react,2026-08-02T05:08:08Z,live_github_api
drmotionart-dot/Hepatobilary-backend,8,,,,npm,,,TEST,TEST,FAIL->FAIL,,0,,0,,,,2026-08-06 09:42:45,chore(deps-dev): bump eslint from 8.57.1 to 10.8.0,2026-08-02T05:08:04Z,live_github_api
drmotionart-dot/Hepatobilary,7,,,,npm,,,PASS,PASS,PASS->PASS,,0,,0,,,,2026-08-06 09:43:30,chore(deps): bump react-dom from 18.3.1 to 19.2.8,2026-08-02T05:07:57Z,live_github_api
acabali/Aurora,155,,,,npm,,,TEST,TEST,FAIL->FAIL,,0,,0,,,,2026-08-06 09:45:33,chore(deps): bump react and @types/react,2026-08-02T05:05:10Z,live_github_api
acabali/Aurora,154,,,,npm,,,TEST,TEST,FAIL->FAIL,,0,,0,,,,2026-08-06 09:47:22,chore(deps-dev): bump @types/node from 20.19.33 to 26.1.2,2026-08-02T05:04:16Z,live_github_api
dknauss/Sudo,551,,,,npm,,,PASS,PASS,PASS->PASS,,0,,0,,,,2026-08-06 09:47:46,chore(deps-dev): bump @wordpress/env from 11.11.0 to 11.12.0,2026-08-02T04:38:50Z,live_github_api
jun01t/jun01t-portfolio,29,,,,npm,,,PASS,PASS,PASS->PASS,,0,,0,,,,2026-08-06 09:49:04,Bump the nuxt-ecosystem group with 3 updates,2026-08-02T04:28:43Z,live_github_api
johlym/waterlevels.org,7,,,,gem,,,INSTALL,INSTALL,FAIL->FAIL,,0,,0,,,,2026-08-06 09:49:05,Bump shoulda-matchers from 6.5.0 to 8.0.1,2026-08-02T04:27:33Z,live_github_api
johlym/waterlevels.org,6,,,,gem,,,INSTALL,INSTALL,FAIL->FAIL,,0,,0,,,,2026-08-06 09:49:06,Bump rspec-rails from 7.1.1 to 8.0.4,2026-08-02T04:27:21Z,live_github_api
wishboards/matching-engine,14,,,,npm,,,PASS,PASS,PASS->PASS,,0,,0,,,,2026-08-06 09:49:18,build(deps-dev): bump typescript from 5.9.3 to 7.0.2,2026-08-02T04:22:01Z,live_github_api
wishboards/matching-engine,13,,,,npm,,,PASS,PASS,PASS->PASS,,0,,0,,,,2026-08-06 09:49:36,build(deps-dev): bump @eslint/js from 9.39.5 to 10.0.1,2026-08-02T04:21:51Z,live_github_api
jun01t/jun01t-portfolio,24,,,,npm,,,PASS,PASS,PASS->PASS,,0,,0,,,,2026-08-06 09:50:42,Bump the nuxt-ecosystem group with 3 updates,2026-08-02T04:20:47Z,live_github_api
NoistNT/fastfood,12,,,,npm,,,PASS,PASS,PASS->PASS,,0,,0,,,,2026-08-06 09:54:11,build(deps): bump the npm_and_yarn group across 1 directory with 4 updates,2026-08-02T04:14:12Z,live_github_api
Achswap/Achswap,6,,,,npm,,,TEST,TEST,FAIL->FAIL,,0,,0,,,,2026-08-06 10:40:42,Bump react and @types/react,2026-08-02T07:57:44Z,live_github_api
Anshu331/Project_management_tool,160,,,,npm,,,PASS,PASS,PASS->PASS,,0,,0,,,,2026-08-06 10:42:05,deps: bump @types/node from 25.9.1 to 26.1.2,2026-08-02T07:43:00Z,live_github_api
leedj8886/ai-app-builder-foundation,4,,,,npm,,,PASS,PASS,PASS->PASS,,0,,0,,,,2026-08-06 10:43:46,chore(deps): bump mongoose from 8.23.0 to 8.24.1,2026-08-02T06:43:34Z,live_github_api
maddurvamsi45/Zomato-Project-1,3,,,,npm,,,TEST,TEST,FAIL->FAIL,,0,,0,,,,2026-08-06 10:46:06,Bump micromatch from 4.0.5 to 4.0.8 in the npm_and_yarn group across 1 directory,2026-08-02T06:14:03Z,live_github_api
2705911421/AI-local-study,18,,,,npm,,,PASS,PASS,PASS->PASS,,0,,0,,,,2026-08-06 10:48:35,Bump vitest from 3.2.7 to 4.1.10,2026-08-02T05:59:47Z,live_github_api
omuno25/on-tap-giao-ly,3,,,,npm,,,TEST,TEST,FAIL->FAIL,,0,,0,,,,2026-08-06 10:50:07,chore(deps-dev): bump eslint from 9.39.1 to 10.8.0,2026-08-02T05:55:01Z,live_github_api
drmotionart-dot/Hepatobilary-backend,6,,,,npm,,,TEST,TEST,FAIL->FAIL,,0,,0,,,,2026-08-06 10:51:06,chore(deps): bump react-dom and @types/react-dom,2026-08-02T05:07:48Z,live_github_api
drmotionart-dot/Hepatobilary,6,,,,npm,,,PASS,PASS,PASS->PASS,,0,,0,,,,2026-08-06 10:51:54,chore(deps-dev): bump eslint from 8.57.0 to 10.8.0,2026-08-02T05:07:46Z,live_github_api
acabali/Aurora,152,,,,npm,,,TEST,TEST,FAIL->FAIL,,0,,0,,,,2026-08-06 10:53:59,chore(deps-dev): bump eslint-config-next from 16.1.1 to 16.2.12,2026-08-02T05:03:27Z,live_github_api
johlym/waterlevels.org,5,,,,gem,,,INSTALL,INSTALL,FAIL->FAIL,,0,,0,,,,2026-08-06 10:54:00,Bump sidekiq-scheduler from 5.0.6 to 6.0.2,2026-08-02T04:26:50Z,live_github_api
pellera9/get-shit-done,14,,,,npm,,,TEST,TEST,FAIL->FAIL,,0,,0,,,,2026-08-06 11:12:36,chore(deps): bump the npm_and_yarn group across 2 directories with 10 updates,2026-08-02T04:06:53Z,live_github_api
yuyumama/AWS-MON,67,,,,pip,,,INSTALL,INSTALL,FAIL->FAIL,,0,,0,,,,2026-08-06 11:12:39,"chore(deps): update mcp requirement from <2.0.0,>=1.0 to >=2.0.0,<3.0.0 in /apps/agent",2026-08-02T04:05:56Z,live_github_api
JYH1878/KimiCodeBar-Windows,15,,,,npm,,,PASS,PASS,PASS->PASS,,0,,0,,,,2026-08-06 11:12:53,chore(deps-dev): bump vite from 6.4.3 to 8.1.5,2026-08-02T04:05:39Z,live_github_api
JYH1878/KimiCodeBar-Windows,14,,,,npm,,,PASS,PASS,PASS->PASS,,0,,0,,,,2026-08-06 11:13:07,chore(deps-dev): bump eslint-plugin-react-hooks from 5.2.0 to 7.1.1,2026-08-02T04:05:26Z,live_github_api
RoboFinSystems/robosystems-core,24,,,,npm,,,TEST,TEST,FAIL->FAIL,,0,,0,,,,2026-08-06 11:14:19,chore(deps-dev): bump @eslint/js from 9.39.5 to 10.0.1,2026-08-02T03:57:02Z,live_github_api
RoboFinSystems/roboinvestor-app,223,,,,npm,,,PASS,PASS,PASS->PASS,,0,,0,,,,2026-08-06 11:15:54,build(deps-dev): bump eslint-plugin-react-hooks from 5.2.0 to 7.1.1,2026-08-02T03:54:56Z,live_github_api
machinal-agency/simwire,19,,,,npm,,,PASS,INSTALL,PASS->FAIL,,0,,0,,,,2026-08-06 11:16:04,build(deps-dev): bump vite from 7.3.6 to 8.1.5 in /packages/sdk in the sdk-major group,2026-08-02T03:54:50Z,live_github_api
seba-montero/ci-bill-doctor,3,,,,npm,,,PASS,PASS,PASS->PASS,,0,,0,,,,2026-08-06 11:16:19,build(deps-dev): bump typescript from 5.9.3 to 7.0.2,2026-08-02T03:45:56Z,live_github_api
KadoProG/react-calendar-app,118,,,,npm,,,PASS,PASS,PASS->PASS,,0,,0,,,,2026-08-06 11:16:44,Bump the dev-dependencies group across 1 directory with 11 updates,2026-08-02T03:43:53Z,live_github_api
KiwiGeek/RemindMe,14,,,,npm,,,PASS,PASS,PASS->PASS,,0,,0,,,,2026-08-06 11:18:48,chore(deps): bump sharp and wrangler,2026-08-02T03:40:22Z,live_github_api
machinal-agency/simwire,17,,,,npm,,,PASS,INSTALL,PASS->FAIL,,0,,0,,,,2026-08-06 11:19:00,build(deps): bump the sdk-major group in /packages/sdk with 3 updates,2026-08-02T03:39:36Z,live_github_api
Dustin4444/prettier,185,,,,npm,,,TEST,TEST,FAIL->FAIL,,0,,0,,,,2026-08-06 11:32:19,Bump brace-expansion from 1.1.16 to 1.1.18 in /website,2026-08-02T03:35:12Z,live_github_api
KudbeeZero/Kudbee-fuel-gage,252,,,,npm,,,TEST,TEST,FAIL->FAIL,,0,,0,,,,2026-08-06 11:33:52,build(deps): bump lucide-react from 0.546.0 to 1.27.0,2026-08-02T03:34:48Z,live_github_api
gravinawill/ruguin,5,,,,npm,,,TEST,INSTALL,FAIL->FAIL,,0,,0,,,,2026-08-06 11:36:12,chore(deps-dev): bump typescript from 6.0.3 to 7.0.2 in the dev-dependencies group,2026-08-02T03:34:12Z,live_github_api
conectlens/lenserfight,393,,,,npm,,,PASS,PASS,PASS->PASS,,0,,0,,,,2026-08-06 11:39:26,chore(deps-dev): bump @nx/vite from 22.6.0 to 23.1.0,2026-08-02T03:08:14Z,live_github_api
beanz-y/nightjar-public,3,,,,npm,,,PASS,PASS,PASS->PASS,,0,,0,,,,2026-08-06 11:40:21,Bump the tooling group with 8 updates,2026-08-02T03:06:37Z,live_github_api
ivsjsc/ivsacademy,59,,,,npm,,,PASS,PASS,PASS->PASS,,0,,0,,,,2026-08-06 11:40:41,Bump the npm_and_yarn group across 2 directories with 1 update,2026-08-02T03:02:30Z,live_github_api
conectlens/lenserfight,392,,,,npm,,,PASS,PASS,PASS->PASS,,0,,0,,,,2026-08-06 11:43:37,chore(deps-dev): bump babel-preset-expo from 54.0.10 to 57.0.5,2026-08-02T03:02:05Z,live_github_api
SmithyySHU/scanlark,27,,,,npm,,,PASS,PASS,PASS->PASS,,0,,0,,,,2026-08-06 11:44:02,chore(deps-dev): bump postcss from 8.5.15 to 8.5.25,2026-08-02T02:54:14Z,live_github_api
westbridge-inc/swift,541,,,,npm,,,TEST,TEST,FAIL->FAIL,,0,,0,,,,2026-08-06 11:47:42,build(deps): bump the production-dependencies group across 1 directory with 81 updates,2026-08-02T02:53:18Z,live_github_api
SUaDtL/singedTerra,266,,,,npm,,,PASS,PASS,PASS->PASS,,0,,0,,,,2026-08-06 11:48:08,chore(deps-dev): bump @types/node from 24.13.3 to 26.1.2,2026-08-02T02:53:16Z,live_github_api
SUaDtL/singedTerra,264,,,,npm,,,PASS,PASS,PASS->PASS,,0,,0,,,,2026-08-06 11:48:33,chore(deps): bump @supabase/supabase-js from 2.110.9 to 2.111.0 in the minor-and-patch group across 1 directory,2026-08-02T02:52:55Z,live_github_api
KudbeeZero/Kudbee-fuel-gage,251,,,,npm,,,TEST,TEST,FAIL->FAIL,,0,,0,,,,2026-08-06 11:50:04,build(deps): bump expo-asset from 11.0.5 to 57.0.8,2026-08-02T02:48:36Z,live_github_api
KudbeeZero/Kudbee-fuel-gage,248,,,,npm,,,TEST,TEST,FAIL->FAIL,,0,,0,,,,2026-08-06 11:51:37,build(deps): bump expo-application from 7.0.8 to 57.0.2,2026-08-02T02:47:23Z,live_github_api
janiorvalle/drawoverlay,23,,,,npm,,,PASS,INSTALL,PASS->FAIL,,0,,0,,,,2026-08-06 11:52:02,chore(deps): bump next from 16.2.10 to 16.2.11 in /apps/next-smoke in the npm_and_yarn group across 1 directory,2026-08-02T02:45:00Z,live_github_api
s-thom/website-2023,39,,,,npm,,,PASS,PASS,PASS->PASS,,0,,0,,,,2026-08-06 11:53:04,Bump the all group across 1 directory with 31 updates,2026-08-02T02:43:12Z,live_github_api
gperdomor/oss,1552,,,,npm,,,PASS,PASS,PASS->PASS,,0,,0,,,,2026-08-06 11:55:17,chore(deps): bump @nx/devkit from 23.0.0 to 23.1.0 in the nx group across 1 directory,2026-08-02T02:42:00Z,live_github_api
xtofuub/NyxRepost,7,,,,npm,,,PASS,PASS,PASS->PASS,,0,,0,,,,2026-08-06 11:55:28,Bump postcss from 8.5.16 to 8.5.25 in /client,2026-08-02T02:39:51Z,live_github_api
thatskiff33/AlpineClubBookingsNZ,2546,,,,npm,,,TEST,TEST,FAIL->FAIL,,0,,0,,,,2026-08-06 12:07:36,chore(deps): bump the npm-minor-and-patch group with 4 updates,2026-08-02T02:34:36Z,live_github_api
remarkablemark/pomodoro,1,,,,npm,,,TEST,TEST,FAIL->FAIL,,0,,0,,,,2026-08-06 12:08:19,build(deps-dev): bump typescript from 6.0.3 to 7.0.2,2026-08-02T02:31:29Z,live_github_api
rafaelfiguereod-stack/get-shit-done,37,,,,npm,,,TEST,TEST,FAIL->FAIL,,0,,0,,,,2026-08-06 12:15:49,chore(deps): bump the npm_and_yarn group across 2 directories with 13 updates,2026-08-02T02:31:09Z,live_github_api
emmahorovsky-hue/life-admin-app,290,,,,npm,,,PASS,INSTALL,PASS->FAIL,,0,,0,,,,2026-08-06 12:18:39,chore(deps): Bump @prisma/client from 6.19.3 to 7.9.1,2026-08-02T02:18:52Z,live_github_api
umisc/misc-astro,20,,,,npm,,,PASS,PASS,PASS->PASS,,0,,0,,,,2026-08-06 12:19:52,build(deps-dev): bump typescript from 5.9.3 to 6.0.3,2026-08-02T02:05:10Z,live_github_api
umisc/misc-astro,19,,,,npm,,,PASS,PASS,PASS->PASS,,0,,0,,,,2026-08-06 12:21:02,build(deps-dev): bump the development-minor-and-patch group with 5 updates,2026-08-02T02:04:42Z,live_github_api
the-developer-network/tdn-client,92,,,,npm,,,PASS,PASS,PASS->PASS,,0,,0,,,,2026-08-06 12:22:20,chore(deps-dev): bump the major-updates group across 1 directory with 5 updates,2026-08-02T02:04:37Z,live_github_api
BenAhrdt/ioBroker.lorawan,195,,,,npm,,,PASS,PASS,PASS->PASS,,0,,0,,,,2026-08-06 12:23:19,chore(deps): bump @iobroker/adapter-core from 3.4.1 to 3.4.3,2026-08-02T02:03:11Z,live_github_api
KudbeeZero/Kudbee-fuel-gage,240,,,,npm,,,TEST,TEST,FAIL->FAIL,,0,,0,,,,2026-08-06 12:25:03,build(deps-dev): bump @vitejs/plugin-react from 5.2.0 to 6.0.4,2026-08-02T02:02:39Z,live_github_api
abreufilho/vscode-office-preview,1,,,,npm,,,PASS,PASS,PASS->PASS,,0,,0,,,,2026-08-06 12:25:39,build(deps-dev): bump typescript from 6.0.3 to 7.0.2 in the dev-dependencies group,2026-08-02T02:02:18Z,live_github_api
mkhalid-s/sir-saathi,3,,,,npm,,,PASS,PASS,PASS->PASS,,0,,0,,,,2026-08-06 12:26:09,Bump postcss from 8.5.16 to 8.5.25,2026-08-02T01:57:31Z,live_github_api
sno-ai/llmix,168,,,,npm,,,TEST,TEST,FAIL->FAIL,,0,,0,,,,2026-08-06 12:26:39,chore(deps): bump js-yaml from 4.3.1 to 5.2.2,2026-08-02T01:57:16Z,live_github_api
bulletinmybeard/agent-forge-webui,8,,,,npm,,,PASS,INSTALL,PASS->FAIL,,0,,0,,,,2026-08-06 12:26:50,chore(deps): bump postcss from 8.5.16 to 8.5.25,2026-08-02T01:53:03Z,live_github_api
abreufilho/vscode-gherkin-preview,1,,,,npm,,,PASS,PASS,PASS->PASS,,0,,0,,,,2026-08-06 12:27:21,build(deps-dev): bump typescript from 6.0.3 to 7.0.2 in the dev-dependencies group,2026-08-02T01:49:25Z,live_github_api
gilbertchiao/aws-rds-health-monitor,5,,,,npm,,,PASS,PASS,PASS->PASS,,0,,0,,,,2026-08-06 12:27:49,chore(deps-dev): Bump the all-dependencies group across 1 directory with 2 updates,2026-08-02T01:47:39Z,live_github_api
the-developer-network/tdn-client,86,,,,npm,,,PASS,PASS,PASS->PASS,,0,,0,,,,2026-08-06 12:29:01,chore(deps-dev): bump the development-dependencies group with 4 updates,2026-08-02T01:44:58Z,live_github_api
Ixtria/outlook-mcp-hardened,14,,,,npm,,,TEST,TEST,FAIL->FAIL,,0,,0,,,,2026-08-06 12:30:15,build(deps-dev): bump postcss from 8.5.15 to 8.5.25,2026-08-02T01:43:32Z,live_github_api
mposition/Tomverse,263,,,,npm,,,PASS,PASS,PASS->PASS,,0,,0,,,,2026-08-06 12:32:58,Bump the production-dependencies group across 1 directory with 11 updates,2026-08-02T01:41:22Z,live_github_api
lsadehaan/lit-shell,25,,,,npm,,,PASS,PASS,PASS->PASS,,0,,0,,,,2026-08-06 12:33:09,chore(deps-dev): Bump vitest from 4.0.18 to 4.1.0,2026-08-02T01:36:47Z,live_github_api
ronload/ronaldluo.com,58,,,,npm,,,PASS,PASS,PASS->PASS,,0,,0,,,,2026-08-06 12:35:16,chore(deps): bump the production-minor-patch group with 2 updates,2026-08-02T01:33:58Z,live_github_api
prompt-security/clawsec,326,,,,npm,,,PASS,PASS,PASS->PASS,,0,,0,,,,2026-08-06 12:36:45,chore(deps): bump postcss from 8.5.15 to 8.5.25,2026-08-02T01:33:43Z,live_github_api
Rafa-MKR2/solix,35,,,,cargo,,,INSTALL,INSTALL,FAIL->FAIL,,0,,0,,,,2026-08-06 12:36:47,chore(deps): bump sha2 from 0.10.9 to 0.11.0 in /src-tauri,2026-08-02T01:25:28Z,live_github_api
guibranco/guibranco.github.io,906,,,,npm,,,PASS,PASS,PASS->PASS,,0,,0,,,,2026-08-06 13:21:47,build(deps-dev): bump the typescript group with 3 updates,2026-08-06T07:23:57Z,live_github_api
ApiBR/catalog,791,,,,npm,,,PASS,PASS,PASS->PASS,,0,,0,,,,2026-08-06 13:22:34,Build(deps-dev): bump typescript from 6.0.3 to 7.0.2 in the typescript group,2026-08-06T01:53:16Z,live_github_api
guibranco/pull-request-ui,847,,,,npm,,,PASS,PASS,PASS->PASS,,0,,0,,,,2026-08-06 13:24:00,build(deps-dev): bump typescript from 6.0.3 to 7.0.2 in the typescript group,2026-08-05T16:13:25Z,live_github_api
guibranco/github-status-action-v2,303,,,,npm,,,TEST,TEST,FAIL->FAIL,,0,,0,,,,2026-08-06 13:25:00,build(deps-dev): bump typescript from 6.0.3 to 7.0.2 in the typescript group,2026-08-05T05:33:00Z,live_github_api
LCV-Ideas-Software/astrologo-app,250,,,,npm,,,PASS,PASS,PASS->PASS,,0,,0,,,,2026-08-06 13:25:13,deps(deps-dev): bump typescript from 6.0.3 to 7.0.2 in /astrologo-frontend in the dev-dependencies group,2026-08-05T01:33:22Z,live_github_api
jonathan-vella/apex-vnext,253,,,,npm,,,PASS,PASS,PASS->PASS,,0,,0,,,,2026-08-06 13:25:50,chore(deps): bump hono from 4.12.29 to 4.13.0,2026-08-04T16:36:29Z,live_github_api
microsoft/edge-ai,741,,,,npm,,,PASS,PASS,PASS->PASS,,0,,0,,,,2026-08-06 13:26:26,chore(deps): bump the npm group across 2 directories with 4 updates,2026-08-04T12:31:15Z,live_github_api
JayKerb/kerbcycle-qr-code-manager-final,534,,,,npm,,,PASS,PASS,PASS->PASS,,0,,0,,,,2026-08-06 13:27:01,build(deps-dev): bump @types/node from 26.1.1 to 26.1.2 in the npm-minor-patch group,2026-08-04T11:05:58Z,live_github_api
guibranco/financial-dashboard,564,,,,npm,,,PASS,PASS,PASS->PASS,,0,,0,,,,2026-08-06 13:27:24,Bump typescript from 6.0.3 to 7.0.2 in the typescript group,2026-08-04T05:43:19Z,live_github_api
rhymion/app-generator,264,,,,npm,,,PASS,PASS,PASS->PASS,,0,,0,,,,2026-08-06 13:32:54,build(deps): bump the npm-minor-and-patch group across 1 directory with 26 updates,2026-08-04T00:32:15Z,live_github_api
hantsy/nestjs-rest-sample,2619,,,,npm,,,PASS,PASS,PASS->PASS,,0,,0,,,,2026-08-06 13:35:19,build(deps): bump brace-expansion,2026-08-03T19:46:28Z,live_github_api
super-productivity/super-productivity,9434,,,,npm,,,TEST,TEST,FAIL->FAIL,,0,,0,,,,2026-08-06 13:42:34,chore(deps): bump @angular/core from 21.2.17 to 22.1.0,2026-08-03T17:12:02Z,live_github_api
laceyenterprises/adversarial-review,768,,,,npm,,,TEST,TEST,FAIL->FAIL,,0,,0,,,,2026-08-06 14:02:57,chore(deps): bump better-sqlite3 from 12.11.1 to 13.0.2 in the tooling group,2026-08-03T16:07:04Z,live_github_api
rhymion/app-generator,258,,,,npm,,,PASS,PASS,PASS->PASS,,0,,0,,,,2026-08-06 14:08:18,build(deps): bump the npm-minor-and-patch group with 27 updates,2026-08-03T14:03:35Z,live_github_api
kitamura-tetsuo/outliner,4651,,,,npm,,,PASS,PASS,PASS->PASS,,0,,0,,,,2026-08-06 14:08:47,chore(deps-dev): bump typescript from 6.0.3 to 7.0.2 in /client in the typescript-and-lint group across 1 directory,2026-08-03T13:05:22Z,live_github_api
cascadiacollections/podr-service,676,,,,npm,,,TEST,TEST,FAIL->FAIL,,0,,0,,,,2026-08-06 14:09:18,chore(deps)(deps-dev): bump typescript from 6.0.3 to 7.0.2,2026-08-03T10:04:35Z,live_github_api
kunickiaj/codemem,1391,,,,npm,,,TEST,TEST,FAIL->FAIL,,0,,0,,,,2026-08-06 14:19:45,chore(deps): bump @opencode-ai/plugin from 1.18.9 to 1.18.10,2026-08-03T09:15:34Z,live_github_api
newlandpe/chost-pulse-worker,110,,,,npm,,,PASS,PASS,PASS->PASS,,0,,0,,,,2026-08-06 14:20:15,chore(deps-dev): Bump @cloudflare/workers-types from 5.20260727.1 to 5.20260731.1,2026-08-03T07:45:10Z,live_github_api
CameronBrooks11/freeboard,253,,,,npm,,,PASS,PASS,PASS->PASS,,0,,0,,,,2026-08-06 14:23:16,deps: bump the npm-minor-patch group across 1 directory with 16 updates,2026-08-03T05:11:46Z,live_github_api
Termix-SSH/Termix,1152,,,,npm,,,PASS,PASS,PASS->PASS,,0,,0,,,,2026-08-06 14:26:20,chore(deps-dev): bump the dev-minor-updates group across 1 directory with 19 updates,2026-08-03T04:42:50Z,live_github_api
ApiBR/sports-agenda-ui,911,,,,npm,,,PASS,PASS,PASS->PASS,,0,,0,,,,2026-08-06 14:27:01,Bump typescript from 6.0.3 to 7.0.2 in the typescript group,2026-08-03T04:33:14Z,live_github_api
shogidemo/zenn-content,82,,,,npm,,,PASS,PASS,PASS->PASS,,0,,0,,,,2026-08-06 14:27:44,chore(deps-dev): bump the minor-and-patch group with 9 updates,2026-08-03T01:06:45Z,live_github_api
Siteimprove/alfa-integrations,454,,,,npm,,,TEST,TEST,FAIL->FAIL,,0,,0,,,,2026-08-06 14:37:10,Bump the development-minor-patch group across 1 directory with 6 updates,2026-08-02T23:11:51Z,live_github_api
guibranco/projects-monitor-ui,633,,,,npm,,,PASS,PASS,PASS->PASS,,0,,0,,,,2026-08-06 14:37:42,chore(deps-dev): bump the eslint group across 1 directory with 2 updates,2026-08-02T15:22:52Z,live_github_api
neverinfamous/do-manager,115,,,,npm,,,PASS,PASS,PASS->PASS,,0,,0,,,,2026-08-06 14:38:14,chore: bump postcss from 8.5.16 to 8.5.18,2026-08-02T13:11:54Z,live_github_api
nla/nla-blacklight,1583,,,,npm,,,PASS,PASS,PASS->PASS,,0,,0,,,,2026-08-06 14:38:26,chore(deps): bump postcss from 8.5.15 to 8.5.18,2026-08-02T11:04:05Z,live_github_api
Achswap/Achswap,5,,,,npm,,,TEST,TEST,FAIL->FAIL,,0,,0,,,,2026-08-06 14:41:36,Bump the development group with 9 updates,2026-08-02T07:57:27Z,live_github_api
etiennechabert/cost-goblin,520,,,,npm,,,PASS,PASS,PASS->PASS,,0,,0,,,,2026-08-06 14:43:05,chore(deps): bump fast-uri from 3.1.2 to 3.1.5,2026-08-02T07:53:45Z,live_github_api
Anshu331/Project_management_tool,158,,,,npm,,,PASS,PASS,PASS->PASS,,0,,0,,,,2026-08-06 14:44:28,deps: bump node-appwrite from 17.1.0 to 27.1.0,2026-08-02T07:42:39Z,live_github_api
leedj8886/ai-app-builder-foundation,3,,,,npm,,,PASS,PASS,PASS->PASS,,0,,0,,,,2026-08-06 14:46:07,chore(deps): bump morgan from 1.10.1 to 1.11.0,2026-08-02T06:43:28Z,live_github_api
maddurvamsi45/Zomato-Project-1,4,,,,npm,,,TEST,TEST,FAIL->FAIL,,0,,0,,,,2026-08-06 14:48:26,Bump braces from 3.0.2 to 3.0.3 in the npm_and_yarn group across 1 directory,2026-08-02T06:14:03Z,live_github_api
2705911421/AI-local-study,15,,,,npm,,,PASS,TEST,PASS->FAIL,,0,,0,,,,2026-08-06 14:50:29,Bump @vitejs/plugin-react from 4.7.0 to 6.0.4,2026-08-02T05:59:28Z,live_github_api
omuno25/on-tap-giao-ly,2,,,,npm,,,TEST,TEST,FAIL->FAIL,,0,,0,,,,2026-08-06 14:51:51,chore(deps-dev): bump typescript from 5.9.3 to 7.0.2,2026-08-02T05:54:56Z,live_github_api
drmotionart-dot/Hepatobilary-backend,5,,,,npm,,,TEST,TEST,FAIL->FAIL,,0,,0,,,,2026-08-06 14:52:51,chore(deps): bump next from 14.2.35 to 16.2.12,2026-08-02T05:07:35Z,live_github_api
drmotionart-dot/Hepatobilary,5,,,,npm,,,PASS,PASS,PASS->PASS,,0,,0,,,,2026-08-06 14:53:39,chore(deps-dev): bump typescript from 5.9.3 to 7.0.2,2026-08-02T05:07:30Z,live_github_api
guibranco/crm-dashboard,281,,,,npm,,,PASS,PASS,PASS->PASS,,0,,0,,,,2026-08-06 14:54:19,build(deps-dev): bump typescript from 6.0.3 to 7.0.2 in the typescript group,2026-08-02T04:52:48Z,live_github_api
johlym/waterlevels.org,4,,,,gem,,,INSTALL,INSTALL,FAIL->FAIL,,0,,0,,,,2026-08-06 14:54:20,Bump view_component from 3.25.0 to 4.12.0,2026-08-02T04:26:36Z,live_github_api
nla/nla-arclight,924,,,,npm,,,PASS,PASS,PASS->PASS,,0,,0,,,,2026-08-06 14:54:31,build(deps): bump postcss from 8.5.16 to 8.5.18,2026-08-02T04:00:27Z,live_github_api
conectlens/lenserfight,391,,,,npm,,,PASS,PASS,PASS->PASS,,0,,0,,,,2026-08-06 14:57:47,chore(deps-dev): bump vite-plugin-dts from 4.5.4 to 5.0.3,2026-08-02T03:01:30Z,live_github_api
KudbeeZero/Kudbee-fuel-gage,250,,,,npm,,,TEST,TEST,FAIL->FAIL,,0,,0,,,,2026-08-06 14:59:25,build(deps-dev): bump @babel/core from 7.29.7 to 8.0.1,2026-08-02T02:48:31Z,live_github_api
umisc/misc-astro,18,,,,npm,,,PASS,PASS,PASS->PASS,,0,,0,,,,2026-08-06 15:00:38,build(deps): bump the production-minor-and-patch group with 5 updates,2026-08-02T02:03:21Z,live_github_api
Rafa-MKR2/solix,34,,,,npm,,,PASS,PASS,PASS->PASS,,0,,0,,,,2026-08-06 15:01:06,chore(deps): bump jsdom from 25.0.1 to 30.0.1,2026-08-02T01:25:25Z,live_github_api
XBZ-E-Sport/xbz-web,10,,,,npm,,,PASS,PASS,PASS->PASS,,0,,0,,,,2026-08-06 15:02:28,chore(deps-dev): bump typescript from 5.9.3 to 7.0.2,2026-08-02T01:16:13Z,live_github_api
XBZ-E-Sport/xbz-web,9,,,,npm,,,PASS,PASS,PASS->PASS,,0,,0,,,,2026-08-06 15:03:44,chore(deps-dev): bump eslint from 9.39.5 to 10.8.0,2026-08-02T01:15:59Z,live_github_api
manhquydev/cmc_edu,44,,,,npm,,,TEST,TEST,FAIL->FAIL,,0,,0,,,,2026-08-06 15:06:51,build(deps-dev): bump vite from 6.4.3 to 8.1.5,2026-08-02T01:14:26Z,live_github_api
manhquydev/cmc_edu,43,,,,npm,,,TEST,TEST,FAIL->FAIL,,0,,0,,,,2026-08-06 15:10:10,build(deps-dev): bump @vitejs/plugin-react from 4.7.0 to 6.0.4,2026-08-02T01:14:01Z,live_github_api
madebyclowd/taiga-mcp-server,4,,,,npm,,,PASS,PASS,PASS->PASS,,0,,0,,,,2026-08-06 15:10:52,chore(deps): bump the npm-production-dependencies group with 2 updates,2026-08-02T01:08:41Z,live_github_api
madebyclowd/taiga-mcp-server,3,,,,npm,,,PASS,PASS,PASS->PASS,,0,,0,,,,2026-08-06 15:11:31,chore(deps-dev): bump the npm-dev-dependencies group with 8 updates,2026-08-02T01:08:24Z,live_github_api
HLLMR/silo,48,,,,npm,,,PASS,PASS,PASS->PASS,,0,,0,,,,2026-08-06 15:11:42,Bump typescript from 5.9.3 to 7.0.2,2026-08-02T00:57:47Z,live_github_api
HLLMR/silo,47,,,,npm,,,PASS,PASS,PASS->PASS,,0,,0,,,,2026-08-06 15:11:52,Bump @sveltejs/vite-plugin-svelte from 5.1.1 to 7.2.0,2026-08-02T00:57:39Z,live_github_api
gre/react-native-view-shot,672,,,,npm,,,PASS,PASS,PASS->PASS,,0,,0,,,,2026-08-06 15:13:09,chore(deps-dev): bump postcss from 8.5.12 to 8.5.25 in /example-web,2026-08-02T00:55:44Z,live_github_api
shinyaoguri/typedcode,207,,,,npm,,,PASS,PASS,PASS->PASS,,0,,0,,,,2026-08-06 15:13:48,ci(deps-dev): bump the dev-dependencies group across 1 directory with 9 updates,2026-08-02T00:55:01Z,live_github_api
s-thom/create-robots-txt-action,67,,,,npm,,,PASS,PASS,PASS->PASS,,0,,0,,,,2026-08-06 15:15:12,Bump the all group with 2 updates,2026-08-02T00:54:25Z,live_github_api
guibranco/exchange-rates-ui,252,,,,npm,,,PASS,PASS,PASS->PASS,,0,,0,,,,2026-08-06 15:16:00,build(deps-dev): bump typescript from 6.0.3 to 7.0.2 in the typescript group,2026-08-02T00:52:53Z,live_github_api
corexAl/CorexAI,4,,,,pip,,,TEST,TEST,FAIL->FAIL,,0,,0,,,,2026-08-06 15:17:22,Update tokenizers requirement from >=0.20.0 to >=0.23.1,2026-08-02T00:48:42Z,live_github_api
aws-samples/sample-citadel,55,,,,npm,,,PASS,PASS,PASS->PASS,,0,,0,,,,2026-08-06 15:19:33,"build(deps): bump brace-expansion, eslint and jest",2026-08-02T00:47:43Z,live_github_api
dandiabil/my-portfolio,9,,,,npm,,,PASS,PASS,PASS->PASS,,0,,0,,,,2026-08-06 15:19:45,Bump json5 from 2.2.1 to 2.2.3,2026-08-02T00:44:45Z,live_github_api
dandiabil/my-portfolio,8,,,,npm,,,PASS,PASS,PASS->PASS,,0,,0,,,,2026-08-06 15:19:56,Bump braces from 3.0.2 to 3.0.3,2026-08-02T00:44:35Z,live_github_api
Krupal-Shah/Krupal-Shah.github.io,16,,,,npm,,,PASS,PASS,PASS->PASS,,0,,0,,,,2026-08-06 15:20:19,Bump esbuild and vite,2026-08-02T00:44:25Z,live_github_api
Krupal-Shah/Krupal-Shah.github.io,12,,,,npm,,,PASS,PASS,PASS->PASS,,0,,0,,,,2026-08-06 15:20:39,Bump @vitejs/plugin-react from 4.7.0 to 6.0.4,2026-08-02T00:43:26Z,live_github_api
jonathan-vella/apex-vnext,250,,,,npm,,,PASS,PASS,PASS->PASS,,0,,0,,,,2026-08-06 16:29:20,chore(deps): bump ip-address from 10.2.0 to 10.4.0,2026-08-04T05:58:09Z,live_github_api
super-productivity/super-productivity,9433,,,,npm,,,TEST,TEST,FAIL->FAIL,,0,,0,,,,2026-08-06 16:40:06,chore(deps): bump @angular/compiler from 21.2.17 to 21.2.19,2026-08-03T17:10:51Z,live_github_api
Achswap/Achswap,4,,,,npm,,,TEST,TEST,FAIL->FAIL,,0,,0,,,,2026-08-06 16:42:54,Bump the production-minor group with 37 updates,2026-08-02T07:55:49Z,live_github_api
etiennechabert/cost-goblin,519,,,,npm,,,PASS,PASS,PASS->PASS,,0,,0,,,,2026-08-06 16:44:04,chore(deps): bump hono from 4.12.26 to 4.12.33,2026-08-02T07:53:10Z,live_github_api
maddurvamsi45/Zomato-Project-1,2,,,,npm,,,TEST,TEST,FAIL->FAIL,,0,,0,,,,2026-08-06 16:46:05,Bump the npm_and_yarn group across 1 directory with 1 update,2026-08-02T06:14:00Z,live_github_api
2705911421/AI-local-study,12,,,,npm,,,PASS,PASS,PASS->PASS,,0,,0,,,,2026-08-06 16:47:59,Bump vite from 7.3.6 to 8.1.5,2026-08-02T05:58:57Z,live_github_api
drmotionart-dot/Hepatobilary,3,,,,npm,,,PASS,PASS,PASS->PASS,,0,,0,,,,2026-08-06 16:48:44,chore(deps): bump next from 14.2.35 to 16.2.12,2026-08-02T05:07:17Z,live_github_api
drmotionart-dot/Hepatobilary-backend,2,,,,npm,,,TEST,TEST,FAIL->FAIL,,0,,0,,,,2026-08-06 16:49:35,chore(deps): bump react and @types/react,2026-08-02T05:07:14Z,live_github_api
conectlens/lenserfight,390,,,,npm,,,PASS,PASS,PASS->PASS,,0,,0,,,,2026-08-06 16:52:22,chore(deps): bump @dicebear/core from 9.4.2 to 9.4.3,2026-08-02T03:00:24Z,live_github_api
Rafa-MKR2/solix,32,,,,npm,,,PASS,PASS,PASS->PASS,,0,,0,,,,2026-08-06 16:52:44,chore(deps): bump typescript from 5.9.3 to 7.0.2,2026-08-02T01:25:18Z,live_github_api
manhquydev/cmc_edu,42,,,,npm,,,TEST,TEST,FAIL->FAIL,,0,,0,,,,2026-08-06 16:56:23,build(deps-dev): bump vitest from 2.1.9 to 4.1.10,2026-08-02T01:13:39Z,live_github_api
HLLMR/silo,45,,,,npm,,,PASS,PASS,PASS->PASS,,0,,0,,,,2026-08-06 16:56:31,Bump vite from 6.4.3 to 8.1.5,2026-08-02T00:57:37Z,live_github_api
Krupal-Shah/Krupal-Shah.github.io,6,,,,npm,,,PASS,PASS,PASS->PASS,,0,,0,,,,2026-08-06 16:56:50,Bump vite from 5.4.21 to 8.1.5,2026-08-02T00:42:44Z,live_github_api
craigrallen/dream-wellness,14,,,,npm,,,PASS,PASS,PASS->PASS,,0,,0,,,,2026-08-06 16:57:02,"chore(deps): bump brace-expansion, eslint and typescript-eslint",2026-08-02T00:39:21Z,live_github_api
MauricioTAzevedo/escola,18,,,,npm,,,TEST,TEST,FAIL->FAIL,,0,,0,,,,2026-08-06 16:57:59,chore(deps-dev): bump postcss from 8.5.20 to 8.5.25,2026-08-02T00:31:53Z,live_github_api
MauricioTAzevedo/escola,17,,,,npm,,,TEST,TEST,FAIL->FAIL,,0,,0,,,,2026-08-06 16:58:51,chore(deps): bump @tanstack/react-query from 5.101.3 to 5.101.4,2026-08-02T00:31:35Z,live_github_api
MauricioTAzevedo/escola,15,,,,npm,,,TEST,TEST,FAIL->FAIL,,0,,0,,,,2026-08-06 16:59:47,chore(deps): bump zod from 3.25.76 to 4.4.3,2026-08-02T00:31:00Z,live_github_api
KadoProG/todo-frontend-react-v2,63,,,,npm,,,PASS,PASS,PASS->PASS,,0,,0,,,,2026-08-06 17:01:04,chore(deps-dev): bump the dev-dependencies group across 1 directory with 14 updates,2026-08-02T00:28:14Z,live_github_api
tommisullivan/github-repo-search,7,,,,npm,,,PASS,PASS,PASS->PASS,,0,,0,,,,2026-08-06 17:02:01,Bump the dev-dependencies group with 5 updates,2026-08-02T00:10:23Z,live_github_api
bibhu2020/myblogs,303,,,,npm,,,PASS,PASS,PASS->PASS,,0,,0,,,,2026-08-06 17:03:36,chore(deps): bump postcss from 8.5.16 to 8.5.25,2026-08-02T00:00:43Z,live_github_api
blwatkins/p5-webpack-typescript-template,137,,,,npm,,,PASS,PASS,PASS->PASS,,0,,0,,,,2026-08-06 17:04:01,dependabot npm update(deps-dev): bump typescript from 6.0.3 to 7.0.2 in the development-dependencies group,2026-08-01T23:43:56Z,live_github_api
fannheyward/coc-sql,769,,,,npm,,,PASS,PASS,PASS->PASS,,0,,0,,,,2026-08-06 17:04:12,chore(deps-dev): bump @types/node from 16.18.126 to 26.1.2,2026-08-01T23:42:38Z,live_github_api
eavalenzuela/skein,17,,,,npm,,,PASS,PASS,PASS->PASS,,0,,0,,,,2026-08-06 17:04:30,Bump vite and @sveltejs/vite-plugin-svelte,2026-08-01T23:40:32Z,live_github_api
RomainBoiret/FishFric-remastered,3,,,,npm,,,PASS,PASS,PASS->PASS,,0,,0,,,,2026-08-06 17:05:56,Bump the npm-dependencies group with 7 updates,2026-08-01T23:40:20Z,live_github_api
eavalenzuela/skein,16,,,,npm,,,PASS,PASS,PASS->PASS,,0,,0,,,,2026-08-06 17:06:17,Bump js-yaml from 4.1.1 to 4.3.1,2026-08-01T23:40:13Z,live_github_api
luzes-dev/deepref,10,,,,npm,,,PASS,PASS,PASS->PASS,,0,,0,,,,2026-08-06 17:07:22,Bump typescript from 6.0.3 to 7.0.2,2026-08-01T23:39:22Z,live_github_api
mihosann17/suika-game,32,,,,npm,,,PASS,PASS,PASS->PASS,,0,,0,,,,2026-08-06 17:07:56,chore: bump vitest from 2.1.9 to 4.1.10,2026-08-01T23:37:21Z,live_github_api
fannheyward/coc-basedpyright,119,,,,npm,,,PASS,PASS,PASS->PASS,,0,,0,,,,2026-08-06 17:08:17,chore(deps-dev): bump @types/node from 16.18.126 to 26.1.2,2026-08-01T23:33:33Z,live_github_api
smsag/vizardry,116,,,,npm,,,PASS,PASS,PASS->PASS,,0,,0,,,,2026-08-06 17:08:54,deps: bump the dev-dependencies group across 1 directory with 12 updates,2026-08-01T23:29:11Z,live_github_api
nelsonstudent/devsecops_platform,4,,,,pip,,,PASS,PASS,PASS->PASS,,0,,0,,,,2026-08-06 17:09:00,Bump gunicorn from 21.2.0 to 22.0.0 in /apps/hello-api,2026-08-01T23:27:55Z,live_github_api
smsag/vizardry,114,,,,npm,,,PASS,PASS,PASS->PASS,,0,,0,,,,2026-08-06 17:09:35,deps: bump the dev-dependencies group with 12 updates,2026-08-01T23:21:28Z,live_github_api
webpack/codemods,3,,,,npm,,,TEST,TEST,FAIL->FAIL,,0,,0,,,,2026-08-06 17:09:44,chore(deps-dev): bump the dependencies group with 4 updates,2026-08-01T23:16:39Z,live_github_api
getgauge/gauge-vscode,1118,,,,npm,,,TEST,TEST,FAIL->FAIL,,0,,0,,,,2026-08-06 17:10:19,build(deps): Bump the npm group with 9 updates,2026-08-01T23:13:40Z,live_github_api
fabieu/faustball-ux,2,,,,npm,,,PASS,PASS,PASS->PASS,,0,,0,,,,2026-08-06 17:11:12,Bump the major-updates group with 5 updates,2026-08-01T23:12:41Z,live_github_api
satoshi-34/music-editer,164,,,,npm,,,PASS,TEST,PASS->FAIL,,0,,0,,,,2026-08-06 17:12:45,chore(deps-dev): bump @vitejs/plugin-react from 4.7.0 to 6.0.4,2026-08-01T23:01:25Z,live_github_api
ChrAu/feed2mastodon,443,,,,npm,,,UNRUNNABLE,UNRUNNABLE,UNRUNNABLE,,0,,0,,,,2026-08-06 17:12:47,chore(deps-dev): bump brace-expansion from 1.1.12 to 1.1.18 in /src/main/webui in the npm_and_yarn group across 1 directory,2026-08-01T22:49:09Z,live_github_api
memrynote/memry,913,,,,npm,,,TEST,TEST,FAIL->FAIL,,0,,0,,,,2026-08-06 17:18:46,chore(deps-dev): bump postcss from 8.5.15 to 8.5.18,2026-08-01T22:48:35Z,live_github_api
blwatkins/typescript-utils,86,,,,npm,,,PASS,PASS,PASS->PASS,,0,,0,,,,2026-08-06 17:19:18,dependabot npm update(deps-dev): bump the development-dependencies group with 4 updates,2026-08-01T22:46:16Z,live_github_api
docsifyjs/docsify,2773,,,,npm,,,TEST,TEST,FAIL->FAIL,,0,,0,,,,2026-08-06 17:21:49,chore: bump eslint from 9.6.0 to 10.8.0,2026-08-01T22:43:03Z,live_github_api
alexistb2904/readme-studio,5,,,,npm,,,PASS,PASS,PASS->PASS,,0,,0,,,,2026-08-06 17:22:05,deps: bump lucide-react from 0.468.0 to 1.27.0,2026-08-01T22:42:17Z,live_github_api
lcgyung/nestjs-api-template,34,,,,npm,,,PASS,PASS,PASS->PASS,,0,,0,,,,2026-08-06 17:23:42,chore(deps-dev): bump the typescript group across 1 directory with 2 updates,2026-08-01T22:37:01Z,live_github_api
asaffilate01-ship-it/zivvo,3,,,,npm,,,PASS,PASS,PASS->PASS,,0,,0,,,,2026-08-06 17:24:46,Bump the development-dependencies group with 16 updates,2026-08-01T22:34:25Z,live_github_api
sarahnessa/painting-site,6,,,,npm,,,TEST,TEST,FAIL->FAIL,,0,,0,,,,2026-08-06 17:26:35,Bump postcss from 8.5.15 to 8.5.25 in /latest-app/painting-site,2026-08-01T22:30:33Z,live_github_api
lucho00cuba/http-directory,2,,,,npm,,,PASS,PASS,PASS->PASS,,0,,0,,,,2026-08-06 17:26:55,build(deps): bump astro from 7.1.4 to 7.1.6 in the astro group,2026-08-01T22:28:32Z,live_github_api
drperky20/android-use,7,,,,gradle,,,INSTALL,INSTALL,FAIL->FAIL,,0,,0,,,,2026-08-06 17:27:43,Bump com.android.application from 9.0.1 to 9.3.1 in /scripts/helper,2026-08-01T22:17:22Z,live_github_api
sebasgao05/duitama-taxi-pricing,61,,,,npm,,,PASS,PASS,PASS->PASS,,0,,0,,,,2026-08-06 17:28:13,chore(deps): bump the dev-dependencies group across 1 directory with 2 updates,2026-08-01T22:16:48Z,live_github_api
camillucci/run-command,22,,,,npm,,,TEST,TEST,FAIL->FAIL,,0,,0,,,,2026-08-06 17:28:28,Bump the all-dependencies group with 7 updates,2026-08-01T22:16:18Z,live_github_api
python-project-templates/hatch-go,24,,,,pip,,,TEST,TEST,FAIL->FAIL,,0,,0,,,,2026-08-06 17:28:50,"Update ruff requirement from <0.16,>=0.9 to >=0.9,<0.17",2026-08-01T22:16:03Z,live_github_api
vulcanen/openclaw-monitor,75,,,,npm,,,PASS,PASS,PASS->PASS,,0,,0,,,,2026-08-06 17:30:21,chore(deps): bump esbuild and vite in /ui,2026-08-01T22:14:42Z,live_github_api
hurttlocker/o8,1666,,,,npm,,,TEST,TEST,FAIL->FAIL,,0,,0,,,,2026-08-06 17:41:48,chore(deps): bump adm-zip from 0.5.16 to 0.6.0,2026-08-01T22:13:45Z,live_github_api
mposition/Tomverse,243,,,,npm,,,PASS,PASS,PASS->PASS,,0,,0,,,,2026-08-06 17:44:40,Bump the development-dependencies group across 1 directory with 3 updates,2026-08-01T22:00:44Z,live_github_api
mposition/Tomverse,242,,,,npm,,,PASS,PASS,PASS->PASS,,0,,0,,,,2026-08-06 17:47:06,Bump the production-dependencies group across 1 directory with 10 updates,2026-08-01T22:00:13Z,live_github_api
LiveTL/LiveTL,498,,,,npm,,,PASS,PASS,PASS->PASS,,0,,0,,,,2026-08-06 17:49:06,Bump vite and @sveltejs/vite-plugin-svelte,2026-08-01T21:58:14Z,live_github_api
tollmanz/tollmanz.com,91,,,,npm,,,TEST,TEST,FAIL->FAIL,,0,,0,,,,2026-08-06 17:51:32,chore(deps): bump the infra-tooling group in /infra/fastly with 2 updates,2026-08-01T21:43:43Z,live_github_api
avihay1989/Hypertrophy-Toolbox-v3,269,,,,npm,,,PASS,PASS,PASS->PASS,,0,,0,,,,2026-08-06 17:52:05,chore(deps): bump bootstrap from 5.1.3 to 5.3.8,2026-08-01T21:37:54Z,live_github_api
jtv4k/mongodb-memory-mcp,5,,,,npm,,,PASS,PASS,PASS->PASS,,0,,0,,,,2026-08-06 17:52:33,chore(deps)(deps): bump zod from 3.25.76 to 4.4.3,2026-08-01T21:35:33Z,live_github_api
eavalenzuela/skein,15,,,,npm,,,PASS,PASS,PASS->PASS,,0,,0,,,,2026-08-06 17:52:49,Bump postcss from 8.5.12 to 8.5.25,2026-08-01T21:31:34Z,live_github_api
marcobockelbrink/mtb-bielefeld-app,3,,,,npm,,,PASS,PASS,PASS->PASS,,0,,0,,,,2026-08-06 17:53:38,deps: bump the expo group across 1 directory with 2 updates,2026-08-01T21:28:17Z,live_github_api
he8um/oh-my-pm,38,,,,npm,,,TEST,TEST,FAIL->FAIL,,0,,0,,,,2026-08-06 17:55:59,chore(deps-dev): bump vitest from 2.1.9 to 3.2.6,2026-08-01T21:24:40Z,live_github_api
apimatic/requests-client-adapter,72,,,,pip,,,PASS,PASS,PASS->PASS,,0,,0,,,,2026-08-06 17:56:04,"build(deps): update coverage requirement from <7.14.0,>=7.2.2 to >=7.15.2,<7.16.0",2026-08-01T21:24:02Z,live_github_api
atrommlitz/adam_trommlitz_portfolio,3,,,,npm,,,PASS,PASS,PASS->PASS,,0,,0,,,,2026-08-06 17:56:50,Bump the production group across 1 directory with 6 updates,2026-08-01T21:23:50Z,live_github_api
assetcorp/sirannon-db,35,,,,npm,,,TEST,INSTALL,FAIL->FAIL,,0,,0,,,,2026-08-06 17:58:28,deps(dev): bump the dev-dependencies group in /packages/ts with 10 updates,2026-08-01T21:21:21Z,live_github_api
1kbgz/nbplay,71,,,,npm,,,UNRUNNABLE,UNRUNNABLE,UNRUNNABLE,,0,,0,,,,2026-08-06 17:58:29,Bump prettier from 3.8.3 to 3.9.6 in /js,2026-08-01T21:16:13Z,live_github_api
determined-001/orbital_stellar,974,,,,npm,,,TEST,TEST,FAIL->FAIL,,0,,0,,,,2026-08-06 17:59:33,chore(deps-dev): bump the dev-dependencies group across 1 directory with 17 updates,2026-08-01T21:16:01Z,live_github_api
crowagent/crowagent-website,194,,,,npm,,,PASS,PASS,PASS->PASS,,0,,0,,,,2026-08-06 18:00:36,build(deps): bump esbuild and astro in /astro,2026-08-01T21:13:01Z,live_github_api
ChaLconner/purrfect-spots,169,,,,npm,,,TEST,TEST,FAIL->FAIL,,0,,0,,,,2026-08-06 18:01:59,deps(frontend): bump typescript from 6.0.3 to 7.0.2,2026-08-01T21:09:59Z,live_github_api
ChaLconner/purrfect-spots,166,,,,npm,,,TEST,TEST,FAIL->FAIL,,0,,0,,,,2026-08-06 18:03:28,deps(frontend): bump jsdom from 29.1.1 to 30.0.1,2026-08-01T21:09:34Z,live_github_api
super-productivity/super-productivity,9432,,,,npm,,,TEST,TEST,FAIL->FAIL,,0,,0,,,,2026-08-06 18:47:53,chore(deps): bump @angular/common from 21.2.17 to 21.2.19,2026-08-03T16:40:59Z,live_github_api
maddurvamsi45/Zomato-Project-1,1,,,,npm,,,TEST,TEST,FAIL->FAIL,,0,,0,,,,2026-08-06 18:50:11,Bump ejs from 3.1.8 to 3.1.10 in the npm_and_yarn group across 1 directory,2026-08-02T06:13:59Z,live_github_api
2705911421/AI-local-study,10,,,,npm,,,PASS,PASS,PASS->PASS,,0,,0,,,,2026-08-06 18:52:26,Bump pdfjs-dist from 5.7.284 to 6.2.108,2026-08-02T05:58:26Z,live_github_api
drmotionart-dot/Hepatobilary,1,,,,npm,,,PASS,PASS,PASS->PASS,,0,,0,,,,2026-08-06 18:53:18,chore(deps-dev): bump eslint-config-next from 14.2.35 to 16.2.12,2026-08-02T05:07:09Z,live_github_api
conectlens/lenserfight,389,,,,npm,,,PASS,PASS,PASS->PASS,,0,,0,,,,2026-08-06 18:56:27,chore(deps): bump expo-apple-authentication from 8.0.8 to 57.0.1,2026-08-02T02:59:35Z,live_github_api
Rafa-MKR2/solix,33,,,,npm,,,PASS,PASS,PASS->PASS,,0,,0,,,,2026-08-06 18:56:50,chore(deps): bump vitest from 2.1.9 to 4.1.10,2026-08-02T01:25:18Z,live_github_api
HLLMR/silo,44,,,,cargo,,,INSTALL,INSTALL,FAIL->FAIL,,0,,0,,,,2026-08-06 18:56:52,Bump ureq from 2.12.1 to 3.3.0 in /src-tauri,2026-08-02T00:57:34Z,live_github_api
alexistb2904/readme-studio,4,,,,npm,,,PASS,PASS,PASS->PASS,,0,,0,,,,2026-08-06 18:57:10,deps: bump react-router-dom from 6.30.4 to 7.18.2,2026-08-01T22:42:05Z,live_github_api
drperky20/android-use,2,,,,cargo,,,INSTALL,INSTALL,FAIL->FAIL,,0,,0,,,,2026-08-06 18:57:11,Bump sha2 from 0.10.9 to 0.11.0 in /scripts/rust,2026-08-01T22:17:09Z,live_github_api
jtv4k/mongodb-memory-mcp,4,,,,npm,,,PASS,PASS,PASS->PASS,,0,,0,,,,2026-08-06 18:57:43,chore(deps-dev)(deps-dev): bump @vitest/coverage-v8 from 3.2.7 to 4.1.10,2026-08-01T21:35:24Z,live_github_api
apimatic/requests-client-adapter,71,,,,pip,,,PASS,INSTALL,PASS->FAIL,,0,,0,,,,2026-08-06 18:57:48,build(deps): update setuptools requirement from >=68.0.0 to >=83.0.0,2026-08-01T21:23:55Z,live_github_api
crowagent/crowagent-website,192,,,,npm,,,PASS,PASS,PASS->PASS,,0,,0,,,,2026-08-06 18:59:06,build(deps): bump sharp and astro in /astro,2026-08-01T21:12:57Z,live_github_api
ChaLconner/purrfect-spots,168,,,,npm,,,TEST,TEST,FAIL->FAIL,,0,,0,,,,2026-08-06 19:00:48,deps(frontend): bump @pinia/testing from 1.0.3 to 2.0.1,2026-08-01T21:09:50Z,live_github_api
mpspahr/mailpit-api,144,,,,npm,,,TEST,TEST,FAIL->FAIL,,0,,0,,,,2026-08-06 19:01:10,chore(deps): bump the npm-dependencies group with 12 updates,2026-08-01T21:06:41Z,live_github_api
fannheyward/coc-xml,696,,,,npm,,,PASS,PASS,PASS->PASS,,0,,0,,,,2026-08-06 19:01:21,build(deps-dev): bump @types/node from 16.18.126 to 26.1.2,2026-08-01T21:02:55Z,live_github_api
fannheyward/coc-biome,110,,,,npm,,,PASS,PASS,PASS->PASS,,0,,0,,,,2026-08-06 19:01:29,chore(deps-dev): Bump @types/node from 16.18.126 to 26.1.2,2026-08-01T21:02:47Z,live_github_api
jlfassio-vibecoder/justin-fassio,17,,,,npm,,,PASS,PASS,PASS->PASS,,0,,0,,,,2026-08-06 19:02:38,Bump astro from 5.18.2 to 7.1.6,2026-08-01T21:00:53Z,live_github_api
jlfassio-vibecoder/justin-fassio,13,,,,npm,,,PASS,PASS,PASS->PASS,,0,,0,,,,2026-08-06 19:03:43,Bump typescript from 5.9.3 to 7.0.2,2026-08-01T21:00:07Z,live_github_api
tollmanz/tollmanz.com,90,,,,npm,,,TEST,TEST,FAIL->FAIL,,0,,0,,,,2026-08-06 19:06:14,chore(deps): bump the build-tooling group with 5 updates,2026-08-01T20:59:57Z,live_github_api
Willpatpost/Sokomind3,7,,,,npm,,,PASS,PASS,PASS->PASS,,0,,0,,,,2026-08-06 19:06:49,Bump react-dom from 19.2.6 to 19.2.8,2026-08-01T20:58:52Z,live_github_api
katalyst/content,136,,,,gem,,,INSTALL,INSTALL,FAIL->FAIL,,0,,0,,,,2026-08-06 19:06:51,Bump the ruby group with 3 updates,2026-08-01T20:53:25Z,live_github_api
TigreGotico/tigregotico.github.io,32,,,,npm,,,PASS,PASS,PASS->PASS,,0,,0,,,,2026-08-06 19:07:51,build(deps): bump @astrojs/mdx from 4.3.14 to 7.0.5,2026-08-01T20:51:05Z,live_github_api
TigreGotico/tigregotico.github.io,28,,,,npm,,,PASS,PASS,PASS->PASS,,0,,0,,,,2026-08-06 19:08:45,build(deps): bump the npm-minor-patch group with 3 updates,2026-08-01T20:50:40Z,live_github_api
7893/heroui-showcase-tan,2,,,,npm,,,PASS,PASS,PASS->PASS,,0,,0,,,,2026-08-06 19:10:18,chore(deps): bump react-dom from 19.2.4 to 19.2.8,2026-08-01T20:48:49Z,live_github_api
franz-bendezu/franz-bendezu.github.io,899,,,,npm,,,TEST,TEST,FAIL->FAIL,,0,,0,,,,2026-08-06 19:12:21,fix(deps): bump sharp from 0.34.1 to 0.35.0,2026-08-01T20:40:01Z,live_github_api
TROTXI/mobility-core,148,,,,npm,,,PASS,PASS,PASS->PASS,,0,,0,,,,2026-08-06 19:13:37,chore(deps): bump the npm-minor-patch group across 1 directory with 22 updates,2026-08-01T20:37:35Z,live_github_api
selflesskr-design/privacy-doc,7,,,,npm,,,PASS,PASS,PASS->PASS,,0,,0,,,,2026-08-06 19:14:23,chore(deps): bump vite-plugin-pwa from 0.20.5 to 1.3.0,2026-08-01T20:34:37Z,live_github_api
selflesskr-design/privacy-doc,6,,,,npm,,,PASS,PASS,PASS->PASS,,0,,0,,,,2026-08-06 19:15:00,chore(deps): bump vite from 5.4.21 to 8.1.5,2026-08-01T20:34:29Z,live_github_api
systemli/ticker-frontend,781,,,,npm,,,PASS,PASS,PASS->PASS,,0,,0,,,,2026-08-06 19:16:04,Bump the development group with 8 updates,2026-08-01T20:34:28Z,live_github_api
